This is LuaHBTeX, Version 1.24.0 (TeX Live 2026)  (format=lualatex 2026.9.30)  7 OCT 2026 10:08
 restricted system commands enabled.
**examples.tex
(./examples.tex
LaTeX2e <2026-06-01>
L3 programming layer <2026-09-09>
Lua module: luaotfload 2024-12-03 v3.29 Lua based OpenType font support
Lua module: lualibs 2023-07-13 v2.76 ConTeXt Lua standard libraries.
Lua module: lualibs-extended 2023-07-13 v2.76 ConTeXt Lua libraries -- extended 
collection.
luaotfload | conf : Root cache directory is "/home/eyamrog/.texlive2026/texmf-va
r/luatex-cache/generic/names".
luaotfload | init : Loading fontloader "fontloader-2023-12-28.lua" from kpse-res
olved path "/usr/local/texlive/2026/texmf-dist/tex/luatex/luaotfload/fontloader-
2023-12-28.lua".
Lua-only attribute luaotfload@noligature = 1
luaotfload | init : Context OpenType loader version 3.134
Inserting `luaotfload.node_processor' in `pre_linebreak_filter'.
Inserting `luaotfload.node_processor' in `hpack_filter'.
Inserting `luaotfload.glyph_stream' in `glyph_stream_provider'.
Inserting `luaotfload.define_font' in `define_font'.
Lua-only attribute luaotfload_color_attribute = 2
luaotfload | conf : Root cache directory is "/home/eyamrog/.texlive2026/texmf-va
r/luatex-cache/generic/names".
Inserting `luaotfload.harf.strip_prefix' in `find_opentype_file'.
Inserting `luaotfload.harf.strip_prefix' in `find_truetype_file'.
Removing  `luaotfload.glyph_stream' from `glyph_stream_provider'.
Inserting `luaotfload.harf.glyphstream' in `glyph_stream_provider'.
Inserting `luaotfload.harf.finalize_vlist' in `post_linebreak_filter'.
Inserting `luaotfload.harf.finalize_hlist' in `hpack_filter'.
Inserting `luaotfload.cleanup_files' in `wrapup_run'.
Inserting `luaotfload.harf.finalize_unicode' in `finish_pdffile'.
Inserting `luaotfload.glyphinfo' in `glyph_info'.
Lua-only attribute luaotfload.letterspace_done = 3
Inserting `luaotfload.aux.set_sscale_dimens' in `luaotfload.patch_font'.
Inserting `luaotfload.aux.set_font_index' in `luaotfload.patch_font'.
Inserting `luaotfload.aux.patch_cambria_domh' in `luaotfload.patch_font'.
Inserting `luaotfload.aux.fixup_fontdata' in `luaotfload.patch_font_unsafe'.
Inserting `luaotfload.aux.set_capheight' in `luaotfload.patch_font'.
Inserting `luaotfload.aux.set_xheight' in `luaotfload.patch_font'.
Inserting `luaotfload.rewrite_fontname' in `luaotfload.patch_font'.
Inserting `tracingstacklevels' in `input_level_string'. (/usr/local/texlive/202
6/texmf-dist/tex/latex/base/article.cls
Document Class: article 2025/01/22 v1.4n Standard LaTeX document class
(/usr/local/texlive/2026/texmf-dist/tex/latex/base/size10.clo
File: size10.clo 2025/01/22 v1.4n Standard LaTeX file (size option)
luaotfload | db : Font names database loaded from /home/eyamrog/.texlive2026/tex
mf-var/luatex-cache/generic/names/luaotfload-names.luc.gz)
\c@part=\count274
\c@section=\count275
\c@subsection=\count276
\c@subsubsection=\count277
\c@paragraph=\count278
\c@subparagraph=\count279
\c@figure=\count280
\c@table=\count281
\abovecaptionskip=\skip49
\belowcaptionskip=\skip50
\bibindent=\dimen149
)
(/usr/local/texlive/2026/texmf-dist/tex/generic/babel/babel.sty
Package: babel 2026/09/27 v26.13 The multilingual framework for LuaLaTeX, pdfLa
TeX and XeLaTeX

(/usr/local/texlive/2026/texmf-dist/tex/generic/babel/luababel.def
\bbl@readstream=\read2
\l@dumylang=\language2
Package babel Info: Non-standard hyphenation setup on input line 118.
\l@nohyphenation=\language3
\l@german-x-2024-02-28=\language4
\l@ngerman-x-2024-02-28=\language5
\l@afrikaans=\language6
\l@albanian=\language7
\l@ancientgreek=\language8
\l@ibycus=\language9
\l@arabic=\language10
\l@armenian=\language11
\l@basque=\language12
\l@belarusian=\language13
\l@bulgarian=\language14
\l@catalan=\language15
\l@pinyin=\language16
\l@churchslavonic=\language17
\l@coptic=\language18
\l@croatian=\language19
\l@czech=\language20
\l@danish=\language21
\l@dutch=\language22
\l@ukenglish=\language23
\l@usenglishmax=\language24
\l@esperanto=\language25
\l@estonian=\language26
\l@ethiopic=\language27
\l@farsi=\language28
\l@finnish=\language29
\l@schoolfinnish=\language30
\l@french=\language31
\l@friulan=\language32
\l@galician=\language33
\l@georgian=\language34
\l@german=\language35
\l@ngerman=\language36
\l@swissgerman=\language37
\l@greek=\language38
\l@monogreek=\language39
\l@hebrew=\language40
\l@hungarian=\language41
\l@icelandic=\language42
\l@assamese=\language43
\l@bengali=\language44
\l@gujarati=\language45
\l@hindi=\language46
\l@kannada=\language47
\l@malayalam=\language48
\l@marathi=\language49
\l@oriya=\language50
\l@pali=\language51
\l@panjabi=\language52
\l@tamil=\language53
\l@telugu=\language54
\l@indonesian=\language55
\l@interlingua=\language56
\l@irish=\language57
\l@italian=\language58
\l@kazakh=\language59
\l@kurmanji=\language60
\l@classiclatin=\language61
\l@latin=\language62
\l@liturgicallatin=\language63
\l@latvian=\language64
\l@lithuanian=\language65
\l@macedonian=\language66
\l@mongolian=\language67
\l@mongolianlmc=\language68
\l@bokmal=\language69
\l@nynorsk=\language70
\l@occitan=\language71
\l@piedmontese=\language72
\l@polish=\language73
\l@portuguese=\language74
\l@romanian=\language75
\l@romansh=\language76
\l@russian=\language77
\l@sanskrit=\language78
\l@serbian=\language79
\l@serbianc=\language80
\l@slovak=\language81
\l@slovenian=\language82
\l@spanish=\language83
\l@swedish=\language84
\l@thai=\language85
\l@turkish=\language86
\l@turkmen=\language87
\l@ukrainian=\language88
\l@uppersorbian=\language89
\l@vietnamese=\language90
\l@welsh=\language91
\babelcatcodetablenum=\catcodetable14
\bbl@pattcodes=\catcodetable15
)
\babel@savecnt=\count282
LaTeX Encoding Info:    Redeclaring text command \ij (encoding OT1) on input li
ne 2110.
LaTeX Encoding Info:    Redeclaring text command \IJ (encoding OT1) on input li
ne 2112.
LaTeX Encoding Info:    Redeclaring text command \ij (encoding T1) on input lin
e 2114.
LaTeX Encoding Info:    Redeclaring text command \IJ (encoding T1) on input lin
e 2115.
LaTeX Encoding Info:    Ignoring declaration for text command \ij (encoding ?) 
on input line 2116.
LaTeX Encoding Info:    Ignoring declaration for text command \IJ (encoding ?) 
on input line 2118.
LaTeX Encoding Info:    Ignoring declaration for text command \SS (encoding ?) 
on input line 2143.
\U@D=\dimen150
\l@unhyphenated=\language92

(/usr/local/texlive/2026/texmf-dist/tex/generic/babel/luababel.def
\bbl@attr@locale=\attribute4
)
(/usr/local/texlive/2026/texmf-dist/tex/generic/babel/locale/en/babel-american.
tex)
Package babel Info: Importing font and identification data for 'american'
(babel)             from babel-en-US.ini. Reported on input line 4478.
 (/usr/local/texlive/2026/texmf-dist/tex/generic/babel-english/american.ldf
Language: american 2017/06/06 v3.3r English support from the babel system
(/usr/local/texlive/2026/texmf-dist/tex/generic/babel-english/english.ldf
Language: english 2017/06/06 v3.3r English support from the babel system
Package babel Info: Hyphen rules for 'canadian' set to \l@english
(babel)             (\language0). Reported on input line 102.
Package babel Info: Hyphen rules for 'australian' set to \l@ukenglish
(babel)             (\language23). Reported on input line 105.
Package babel Info: Hyphen rules for 'newzealand' set to \l@ukenglish
(babel)             (\language23). Reported on input line 108.
)))
(/usr/local/texlive/2026/texmf-dist/tex/latex/datetime2/datetime2.sty
Package: datetime2 2021/03/21 v1.5.7 (NLCT) date and time formats

(/usr/local/texlive/2026/texmf-dist/tex/latex/tracklang/tracklang.sty
Package: tracklang 2026/05/24 v1.6.8 (NLCT) Track Languages

(/usr/local/texlive/2026/texmf-dist/tex/generic/tracklang/tracklang.tex)
Package tracklang Info: Tracking dialect `american' (language `english') on inp
ut line 264.
Package tracklang Info: Tracking dialect `american' (language `english') on inp
ut line 264.
)
(/usr/local/texlive/2026/texmf-dist/tex/latex/etoolbox/etoolbox.sty
Package: etoolbox 2025/10/02 v2.5m e-TeX tools for LaTeX (JAW)
\etb@tempcnta=\count283
)
(/usr/local/texlive/2026/texmf-dist/tex/latex/xkeyval/xkeyval.sty
Package: xkeyval 2025/11/04 v2.10 package option processing (HA)

(/usr/local/texlive/2026/texmf-dist/tex/generic/xkeyval/xkeyval.tex
(/usr/local/texlive/2026/texmf-dist/tex/generic/xkeyval/xkvutils.tex
\XKV@toks=\toks17
\XKV@tempa@toks=\toks18
\XKV@tempb@toks=\toks19

(/usr/local/texlive/2026/texmf-dist/tex/generic/xkeyval/keyval.tex))
\XKV@depth=\count284
File: xkeyval.tex 2014/12/03 v2.7a key=value parser (HA)
))
(/usr/local/texlive/2026/texmf-dist/tex/latex/datetime2-english/datetime2-en-US
.ldf
File: datetime2-en-US.ldf 2019/10/21 v1.05 (NLCT)

(/usr/local/texlive/2026/texmf-dist/tex/latex/datetime2-english/datetime2-engli
sh-base.ldf
File: datetime2-english-base.ldf 2019/10/21 v1.05 (NLCT)
)))
(/usr/local/texlive/2026/texmf-dist/tex/latex/fontspec/fontspec.sty
Package: fontspec 2026/08/11 v2.9h Font selection for XeLaTeX and LuaLaTeX
Lua module: fontspec 2026/08/11 v2.9h Font selection for XeLaTeX and LuaLaTeX
(/usr/local/texlive/2026/texmf-dist/tex/latex/fontspec/fontspec-luatex.sty
Package: fontspec-luatex 2026/08/11 v2.9h Font selection for XeLaTeX and LuaLaT
eX
\l__fontspec_script_int=\count285
\l__fontspec_language_int=\count286
\l__fontspec_strnum_int=\count287
\l__fontspec_tmp_int=\count288
\l__fontspec_tmpa_int=\count289
\l__fontspec_tmpb_int=\count290
\l__fontspec_tmpc_int=\count291
\l__fontspec_em_int=\count292
\l__fontspec_emdef_int=\count293
\l__fontspec_strong_int=\count294
\l__fontspec_strongdef_int=\count295
\l__fontspec_tmpa_dim=\dimen151
\l__fontspec_tmpb_dim=\dimen152
\l__fontspec_tmpc_dim=\dimen153

(/usr/local/texlive/2026/texmf-dist/tex/latex/base/fontenc.sty
Package: fontenc 2025/07/18 v2.1d Standard LaTeX package
)
(/usr/local/texlive/2026/texmf-dist/tex/latex/fontspec/fontspec.cfg)))
luaotfload | cache : Lookup cache loaded from /home/eyamrog/.texlive2026/texmf-v
ar/luatex-cache/generic/names/luaotfload-lookup-cache.luc.

Package fontspec Info: 
(fontspec)             Font family 'DejaVuSerif(0)' created for font 'DejaVu
(fontspec)             Serif' with options [Ligatures=TeX].
(fontspec)              
(fontspec)              This font family consists of the following NFSS
(fontspec)             series/shapes:
(fontspec)              
(fontspec)             - 'normal' (m/n) with NFSS spec.: <->"name:DejaVu
(fontspec)             Serif:mode=node;script=latn;language=dflt;+tlig;"
(fontspec)             - 'bold' (b/n) with NFSS spec.: <->"name:DejaVu
(fontspec)             Serif/B:mode=node;script=latn;language=dflt;+tlig;"
(fontspec)             - 'italic' (m/it) with NFSS spec.: <->"name:DejaVu
(fontspec)             Serif/I:mode=node;script=latn;language=dflt;+tlig;"
(fontspec)             - 'bold italic' (b/it) with NFSS spec.: <->"name:DejaVu
(fontspec)             Serif/BI:mode=node;script=latn;language=dflt;+tlig;"


Package fontspec Info: 
(fontspec)             Could not resolve font "Noto Color Emoji/BI" (it
(fontspec)             probably doesn't exist).


Package fontspec Info: 
(fontspec)             Could not resolve font "Noto Color Emoji/B" (it
(fontspec)             probably doesn't exist).


Package fontspec Info: 
(fontspec)             Could not resolve font "Noto Color Emoji/I" (it
(fontspec)             probably doesn't exist).


Package fontspec Info: 
(fontspec)             Font family 'NotoColorEmoji(0)' created for font 'Noto
(fontspec)             Color Emoji' with options [Renderer=Harfbuzz].
(fontspec)              
(fontspec)              This font family consists of the following NFSS
(fontspec)             series/shapes:
(fontspec)              
(fontspec)             - 'normal' (m/n) with NFSS spec.: <->"name:Noto Color
(fontspec)             Emoji:mode=harf;script=DFLT;language=dflt;"


(/usr/local/texlive/2026/texmf-dist/tex/latex/geometry/geometry.sty
Package: geometry 2026/03/07 v6.0 Page Geometry

(/usr/local/texlive/2026/texmf-dist/tex/generic/iftex/ifvtex.sty
Package: ifvtex 2019/10/25 v1.7 ifvtex legacy package. Use iftex instead.

(/usr/local/texlive/2026/texmf-dist/tex/generic/iftex/iftex.sty
Package: iftex 2024/12/12 v1.0g TeX engine tests
))
\Gm@cnth=\count296
\Gm@cntv=\count297
\c@Gm@tempcnt=\count298
\Gm@bindingoffset=\dimen154
\Gm@wd@mp=\dimen155
\Gm@odd@mp=\dimen156
\Gm@even@mp=\dimen157
\Gm@layoutwidth=\dimen158
\Gm@layoutheight=\dimen159
\Gm@layouthoffset=\dimen160
\Gm@layoutvoffset=\dimen161
\Gm@dimlist=\toks20
)
(/usr/local/texlive/2026/texmf-dist/tex/latex/tools/multicol.sty
Package: multicol 2025/10/21 v2.0b multicolumn formatting (FMi)
\c@tracingmulticols=\count299
\mult@box=\box53
\multicol@leftmargin=\dimen162
\c@unbalance=\count300
\c@collectmore=\count301
\doublecol@number=\count302
\multicoltolerance=\count303
\multicolpretolerance=\count304
\full@width=\dimen163
\page@free=\dimen164
\premulticols=\dimen165
\postmulticols=\dimen166
\multicolsep=\skip51
\multicolbaselineskip=\skip52
\partial@page=\box54
\last@line=\box55
\mc@boxedresult=\box56
\maxbalancingoverflow=\dimen167
\mult@rightbox=\box57
\mult@grightbox=\box58
\mult@firstbox=\box59
\mult@gfirstbox=\box60
\@tempa=\box61
\@tempa=\box62
\@tempa=\box63
\@tempa=\box64
\@tempa=\box65
\@tempa=\box66
\@tempa=\box67
\@tempa=\box68
\@tempa=\box69
\@tempa=\box70
\@tempa=\box71
\@tempa=\box72
\@tempa=\box73
\@tempa=\box74
\@tempa=\box75
\@tempa=\box76
\@tempa=\box77
\@tempa=\box78
\@tempa=\box79
\@tempa=\box80
\@tempa=\box81
\@tempa=\box82
\@tempa=\box83
\@tempa=\box84
\@tempa=\box85
\@tempa=\box86
\@tempa=\box87
\@tempa=\box88
\@tempa=\box89
\@tempa=\box90
\@tempa=\box91
\@tempa=\box92
\@tempa=\box93
\@tempa=\box94
\@tempa=\box95
\@tempa=\box96
\c@minrows=\count305
\c@columnbadness=\count306
\c@finalcolumnbadness=\count307
\last@try=\dimen168
\multicolovershoot=\dimen169
\multicolundershoot=\dimen170
\mult@nat@firstbox=\box97
\colbreak@box=\box98
\mc@col@check@num=\count308
\g__mc_curr_col_int=\count309
)
(/usr/local/texlive/2026/texmf-dist/tex/latex/float/float.sty
Package: float 2001/11/08 v1.3d Float enhancements (AL)
\c@float@type=\count310
\float@exts=\toks21
\float@box=\box99
\@float@everytoks=\toks22
\@floatcapt=\box100
)
(/usr/local/texlive/2026/texmf-dist/tex/latex/tools/longtable.sty
Package: longtable 2026-01-28 v4.27 Multi-page Table package (DPC)
\LTleft=\skip53
\LTright=\skip54
\LTpre=\skip55
\LTpost=\skip56
\LTchunksize=\count311
\LTcapwidth=\dimen171
\LT@head=\box101
\LT@firsthead=\box102
\LT@foot=\box103
\LT@lastfoot=\box104
\LT@gbox=\box105
\LT@cols=\count312
\LT@rows=\count313
\c@LT@tables=\count314
\c@LT@chunks=\count315
\LT@p@ftn=\toks23
)
(/usr/local/texlive/2026/texmf-dist/tex/latex/tools/tabularx.sty
Package: tabularx 2023/12/11 v2.12a `tabularx' package (DPC)

(/usr/local/texlive/2026/texmf-dist/tex/latex/tools/array.sty
Package: array 2026/02/24 v2.7b Tabular extension package (FMi)
\col@sep=\dimen172
\ar@mcellbox=\box106
\extrarowheight=\dimen173
\NC@list=\toks24
\extratabsurround=\skip57
\backup@length=\skip58
\ar@cellbox=\box107
)
\TX@col@width=\dimen174
\TX@old@table=\dimen175
\TX@old@col=\dimen176
\TX@target=\dimen177
\TX@delta=\dimen178
\TX@cols=\count316
\TX@ftn=\toks25
)
(/usr/local/texlive/2026/texmf-dist/tex/latex/booktabs/booktabs.sty
Package: booktabs 2020/01/12 v1.61803398 Publication quality tables
\heavyrulewidth=\dimen179
\lightrulewidth=\dimen180
\cmidrulewidth=\dimen181
\belowrulesep=\dimen182
\belowbottomsep=\dimen183
\aboverulesep=\dimen184
\abovetopsep=\dimen185
\cmidrulesep=\dimen186
\cmidrulekern=\dimen187
\defaultaddspace=\dimen188
\@cmidla=\count317
\@cmidlb=\count318
\@aboverulesep=\dimen189
\@belowrulesep=\dimen190
\@thisruleclass=\count319
\@lastruleclass=\count320
\@thisrulewidth=\dimen191
)
(/usr/local/texlive/2026/texmf-dist/tex/latex/multirow/multirow.sty
Package: multirow 2024/11/12 v2.9 Span multiple rows of a table
\multirow@colwidth=\skip59
\multirow@cntb=\count321
\multirow@dima=\skip60
\bigstrutjot=\dimen192
)
(/usr/local/texlive/2026/texmf-dist/tex/latex/adjustbox/adjustbox.sty
Package: adjustbox 2025/02/26 v1.3c Adjusting TeX boxes (trim, clip, ...)

(/usr/local/texlive/2026/texmf-dist/tex/latex/adjustbox/adjcalc.sty
Package: adjcalc 2012/05/16 v1.1 Provides advanced setlength with multiple back
-ends (calc, etex, pgfmath)
)
(/usr/local/texlive/2026/texmf-dist/tex/latex/adjustbox/trimclip.sty
Package: trimclip 2025/02/21 v1.2a Trim and clip general TeX material

(/usr/local/texlive/2026/texmf-dist/tex/latex/graphics/graphicx.sty
Package: graphicx 2026-05-17 v1.2e Enhanced LaTeX Graphics (DPC,SPQR)

(/usr/local/texlive/2026/texmf-dist/tex/latex/graphics/graphics.sty
Package: graphics 2026-05-17 v1.4h Standard LaTeX Graphics (DPC,SPQR)

(/usr/local/texlive/2026/texmf-dist/tex/latex/graphics/trig.sty
Package: trig 2023/12/02 v1.11 sin cos tan (DPC)
)
(/usr/local/texlive/2026/texmf-dist/tex/latex/graphics-cfg/graphics.cfg
File: graphics.cfg 2016/06/04 v1.11 sample graphics configuration
)
Package graphics Info: Driver file: luatex.def on input line 106.

(/usr/local/texlive/2026/texmf-dist/tex/latex/graphics-def/luatex.def
File: luatex.def 2025/09/29 v1.2f Graphics/color driver for luatex
))
\Gin@req@height=\dimen193
\Gin@req@width=\dimen194
)
(/usr/local/texlive/2026/texmf-dist/tex/latex/collectbox/collectbox.sty
Package: collectbox 2022/10/17 v0.4c Collect macro arguments as boxes
\collectedbox=\box108
)
\tc@llx=\dimen195
\tc@lly=\dimen196
\tc@urx=\dimen197
\tc@ury=\dimen198
Package trimclip Info: Using driver 'tc-luatex.def'.

(/usr/local/texlive/2026/texmf-dist/tex/latex/adjustbox/tc-luatex.def
File: tc-luatex.def 2025/02/26 v1.1 Clipping driver for luatex

(/usr/local/texlive/2026/texmf-dist/tex/latex/adjustbox/tc-pdftex.def
File: tc-pdftex.def 2025/02/26 v2.3 Clipping driver for pdftex
)))
\adjbox@Width=\dimen199
\adjbox@Height=\dimen256
\adjbox@Depth=\dimen257
\adjbox@Totalheight=\dimen258
\adjbox@pwidth=\dimen259
\adjbox@pheight=\dimen260
\adjbox@pdepth=\dimen261
\adjbox@ptotalheight=\dimen262

(/usr/local/texlive/2026/texmf-dist/tex/latex/ifoddpage/ifoddpage.sty
Package: ifoddpage 2022/10/18 v1.2 Conditionals for odd/even page detection
\c@checkoddpage=\count322
)
(/usr/local/texlive/2026/texmf-dist/tex/latex/varwidth/varwidth.sty
Package: varwidth 2009/03/30 ver 0.92;  Variable-width minipages
\@vwid@box=\box109
\sift@deathcycles=\count323
\@vwid@loff=\dimen263
\@vwid@roff=\dimen264
)
==> First Aid for varwidth.sty applied!
) (/usr/local/texlive/2026/texmf-dist/tex/latex/tools/hhline.sty
Package: hhline 2026/05/02 v2.05 Table rule package (DPC)
)
(/usr/local/texlive/2026/texmf-dist/tex/latex/xcolor/xcolor.sty
Package: xcolor 2024/09/29 v3.02 LaTeX color extensions (UK)

(/usr/local/texlive/2026/texmf-dist/tex/latex/graphics-cfg/color.cfg
File: color.cfg 2016/01/02 v1.6 sample color configuration
)
Package xcolor Info: Driver file: luatex.def on input line 274.

(/usr/local/texlive/2026/texmf-dist/tex/latex/graphics/mathcolor.ltx)
Package xcolor Info: Model `cmy' substituted by `cmy0' on input line 1349.
Package xcolor Info: Model `hsb' substituted by `rgb' on input line 1353.
Package xcolor Info: Model `RGB' extended on input line 1365.
Package xcolor Info: Model `HTML' substituted by `rgb' on input line 1367.
Package xcolor Info: Model `Hsb' substituted by `hsb' on input line 1368.
Package xcolor Info: Model `tHsb' substituted by `hsb' on input line 1369.
Package xcolor Info: Model `HSB' substituted by `hsb' on input line 1370.
Package xcolor Info: Model `Gray' substituted by `gray' on input line 1371.
Package xcolor Info: Model `wave' substituted by `hsb' on input line 1372.
)
(/usr/local/texlive/2026/texmf-dist/tex/latex/pgf/frontendlayer/tikz.sty
(/usr/local/texlive/2026/texmf-dist/tex/latex/pgf/basiclayer/pgf.sty
(/usr/local/texlive/2026/texmf-dist/tex/latex/pgf/utilities/pgfrcs.sty
(/usr/local/texlive/2026/texmf-dist/tex/generic/pgf/utilities/pgfutil-common.te
x
\pgfutil@everybye=\toks26
\pgfutil@tempdima=\dimen265
\pgfutil@tempdimb=\dimen266
)
(/usr/local/texlive/2026/texmf-dist/tex/generic/pgf/utilities/pgfutil-latex.def
\pgfutil@abb=\box110
) (/usr/local/texlive/2026/texmf-dist/tex/generic/pgf/utilities/pgfrcs.code.tex
(/usr/local/texlive/2026/texmf-dist/tex/generic/pgf/pgf.revision.tex)
Package: pgfrcs 2026-08-01 v3.1.12 (3.1.12)
))
Package: pgf 2026-08-01 v3.1.12 (3.1.12)

(/usr/local/texlive/2026/texmf-dist/tex/latex/pgf/basiclayer/pgfcore.sty
(/usr/local/texlive/2026/texmf-dist/tex/latex/pgf/systemlayer/pgfsys.sty
(/usr/local/texlive/2026/texmf-dist/tex/generic/pgf/systemlayer/pgfsys.code.tex
Package: pgfsys 2026-08-01 v3.1.12 (3.1.12)
(/usr/local/texlive/2026/texmf-dist/tex/generic/pgf/utilities/pgfkeys.code.tex
\pgfkeys@pathtoks=\toks27
\pgfkeys@temptoks=\toks28

(/usr/local/texlive/2026/texmf-dist/tex/generic/pgf/utilities/pgfkeyslibraryfil
tered.code.tex
\pgfkeys@tmptoks=\toks29
))
\pgf@x=\dimen267
\pgf@y=\dimen268
\pgf@xa=\dimen269
\pgf@ya=\dimen270
\pgf@xb=\dimen271
\pgf@yb=\dimen272
\pgf@xc=\dimen273
\pgf@yc=\dimen274
\pgf@xd=\dimen275
\pgf@yd=\dimen276
\w@pgf@writea=\write3
\r@pgf@reada=\read3
\c@pgf@counta=\count324
\c@pgf@countb=\count325
\c@pgf@countc=\count326
\c@pgf@countd=\count327
\t@pgf@toka=\toks30
\t@pgf@tokb=\toks31
\t@pgf@tokc=\toks32
\pgf@sys@id@count=\count328
Lua function pgfsys@strcmp = 31
(/usr/local/texlive/2026/texmf-dist/tex/generic/pgf/systemlayer/pgf.cfg
File: pgf.cfg 2026-08-01 v3.1.12 (3.1.12)
)
Driver file for pgf: pgfsys-luatex.def

(/usr/local/texlive/2026/texmf-dist/tex/generic/pgf/systemlayer/pgfsys-luatex.d
ef
File: pgfsys-luatex.def 2026-08-01 v3.1.12 (3.1.12)

(/usr/local/texlive/2026/texmf-dist/tex/generic/pgf/systemlayer/pgfsys-common-p
df.def
File: pgfsys-common-pdf.def 2026-08-01 v3.1.12 (3.1.12)
)))
(/usr/local/texlive/2026/texmf-dist/tex/generic/pgf/systemlayer/pgfsyssoftpath.
code.tex
File: pgfsyssoftpath.code.tex 2026-08-01 v3.1.12 (3.1.12)
\pgfsyssoftpath@smallbuffer@items=\count329
\pgfsyssoftpath@bigbuffer@items=\count330
)
(/usr/local/texlive/2026/texmf-dist/tex/generic/pgf/systemlayer/pgfsysprotocol.
code.tex
File: pgfsysprotocol.code.tex 2026-08-01 v3.1.12 (3.1.12)
))
(/usr/local/texlive/2026/texmf-dist/tex/generic/pgf/basiclayer/pgfcore.code.tex
Package: pgfcore 2026-08-01 v3.1.12 (3.1.12)
(/usr/local/texlive/2026/texmf-dist/tex/generic/pgf/math/pgfmath.code.tex
(/usr/local/texlive/2026/texmf-dist/tex/generic/pgf/math/pgfmathutil.code.tex)
(/usr/local/texlive/2026/texmf-dist/tex/generic/pgf/math/pgfmathparser.code.tex
\pgfmath@dimen=\dimen277
\pgfmath@count=\count331
\pgfmath@box=\box111
\pgfmath@toks=\toks33
\pgfmath@stack@operand=\toks34
\pgfmath@stack@operation=\toks35
)
(/usr/local/texlive/2026/texmf-dist/tex/generic/pgf/math/pgfmathfunctions.code.
tex)
(/usr/local/texlive/2026/texmf-dist/tex/generic/pgf/math/pgfmathfunctions.basic
.code.tex)
(/usr/local/texlive/2026/texmf-dist/tex/generic/pgf/math/pgfmathfunctions.trigo
nometric.code.tex)
(/usr/local/texlive/2026/texmf-dist/tex/generic/pgf/math/pgfmathfunctions.rando
m.code.tex)
(/usr/local/texlive/2026/texmf-dist/tex/generic/pgf/math/pgfmathfunctions.compa
rison.code.tex)
(/usr/local/texlive/2026/texmf-dist/tex/generic/pgf/math/pgfmathfunctions.base.
code.tex)
(/usr/local/texlive/2026/texmf-dist/tex/generic/pgf/math/pgfmathfunctions.round
.code.tex)
(/usr/local/texlive/2026/texmf-dist/tex/generic/pgf/math/pgfmathfunctions.misc.
code.tex)
(/usr/local/texlive/2026/texmf-dist/tex/generic/pgf/math/pgfmathfunctions.integ
erarithmetics.code.tex)
(/usr/local/texlive/2026/texmf-dist/tex/generic/pgf/math/pgfmathcalc.code.tex)
(/usr/local/texlive/2026/texmf-dist/tex/generic/pgf/math/pgfmathfloat.code.tex
\c@pgfmathroundto@lastzeros=\count332
)) (/usr/local/texlive/2026/texmf-dist/tex/generic/pgf/math/pgfint.code.tex)
(/usr/local/texlive/2026/texmf-dist/tex/generic/pgf/basiclayer/pgfcorepoints.co
de.tex
File: pgfcorepoints.code.tex 2026-08-01 v3.1.12 (3.1.12)
\pgf@picminx=\dimen278
\pgf@picmaxx=\dimen279
\pgf@picminy=\dimen280
\pgf@picmaxy=\dimen281
\pgf@pathminx=\dimen282
\pgf@pathmaxx=\dimen283
\pgf@pathminy=\dimen284
\pgf@pathmaxy=\dimen285
\pgf@xx=\dimen286
\pgf@xy=\dimen287
\pgf@yx=\dimen288
\pgf@yy=\dimen289
\pgf@zx=\dimen290
\pgf@zy=\dimen291
)
(/usr/local/texlive/2026/texmf-dist/tex/generic/pgf/basiclayer/pgfcorepathconst
ruct.code.tex
File: pgfcorepathconstruct.code.tex 2026-08-01 v3.1.12 (3.1.12)
\pgf@path@lastx=\dimen292
\pgf@path@lasty=\dimen293
)
(/usr/local/texlive/2026/texmf-dist/tex/generic/pgf/basiclayer/pgfcorepathusage
.code.tex
File: pgfcorepathusage.code.tex 2026-08-01 v3.1.12 (3.1.12)
\pgf@shorten@end@additional=\dimen294
\pgf@shorten@start@additional=\dimen295
)
(/usr/local/texlive/2026/texmf-dist/tex/generic/pgf/basiclayer/pgfcorescopes.co
de.tex
File: pgfcorescopes.code.tex 2026-08-01 v3.1.12 (3.1.12)
\pgfpic=\box112
\pgf@hbox=\box113
\pgf@layerbox@main=\box114
\pgf@picture@serial@count=\count333
)
(/usr/local/texlive/2026/texmf-dist/tex/generic/pgf/basiclayer/pgfcoregraphicst
ate.code.tex
File: pgfcoregraphicstate.code.tex 2026-08-01 v3.1.12 (3.1.12)
\pgflinewidth=\dimen296
)
(/usr/local/texlive/2026/texmf-dist/tex/generic/pgf/basiclayer/pgfcoretransform
ations.code.tex
File: pgfcoretransformations.code.tex 2026-08-01 v3.1.12 (3.1.12)
\pgf@pt@x=\dimen297
\pgf@pt@y=\dimen298
\pgf@pt@temp=\dimen299
)
(/usr/local/texlive/2026/texmf-dist/tex/generic/pgf/basiclayer/pgfcorequick.cod
e.tex
File: pgfcorequick.code.tex 2026-08-01 v3.1.12 (3.1.12)
)
(/usr/local/texlive/2026/texmf-dist/tex/generic/pgf/basiclayer/pgfcoreobjects.c
ode.tex
File: pgfcoreobjects.code.tex 2026-08-01 v3.1.12 (3.1.12)
)
(/usr/local/texlive/2026/texmf-dist/tex/generic/pgf/basiclayer/pgfcorepathproce
ssing.code.tex
File: pgfcorepathprocessing.code.tex 2026-08-01 v3.1.12 (3.1.12)
)
(/usr/local/texlive/2026/texmf-dist/tex/generic/pgf/basiclayer/pgfcorearrows.co
de.tex
File: pgfcorearrows.code.tex 2026-08-01 v3.1.12 (3.1.12)
\pgfarrowsep=\dimen300
)
(/usr/local/texlive/2026/texmf-dist/tex/generic/pgf/basiclayer/pgfcoreshade.cod
e.tex
File: pgfcoreshade.code.tex 2026-08-01 v3.1.12 (3.1.12)
\pgf@max=\dimen301
\pgf@sys@shading@range@num=\count334
\pgf@shadingcount=\count335
)
(/usr/local/texlive/2026/texmf-dist/tex/generic/pgf/basiclayer/pgfcoreimage.cod
e.tex
File: pgfcoreimage.code.tex 2026-08-01 v3.1.12 (3.1.12)
)
(/usr/local/texlive/2026/texmf-dist/tex/generic/pgf/basiclayer/pgfcoreexternal.
code.tex
File: pgfcoreexternal.code.tex 2026-08-01 v3.1.12 (3.1.12)
\pgfexternal@startupbox=\box115
)
(/usr/local/texlive/2026/texmf-dist/tex/generic/pgf/basiclayer/pgfcorelayers.co
de.tex
File: pgfcorelayers.code.tex 2026-08-01 v3.1.12 (3.1.12)
)
(/usr/local/texlive/2026/texmf-dist/tex/generic/pgf/basiclayer/pgfcoretranspare
ncy.code.tex
File: pgfcoretransparency.code.tex 2026-08-01 v3.1.12 (3.1.12)
)
(/usr/local/texlive/2026/texmf-dist/tex/generic/pgf/basiclayer/pgfcorepatterns.
code.tex
File: pgfcorepatterns.code.tex 2026-08-01 v3.1.12 (3.1.12)
)
(/usr/local/texlive/2026/texmf-dist/tex/generic/pgf/basiclayer/pgfcorerdf.code.
tex
File: pgfcorerdf.code.tex 2026-08-01 v3.1.12 (3.1.12)
)))
(/usr/local/texlive/2026/texmf-dist/tex/generic/pgf/modules/pgfmoduleshapes.cod
e.tex
File: pgfmoduleshapes.code.tex 2026-08-01 v3.1.12 (3.1.12)
\pgfnodeparttextbox=\box116
)
(/usr/local/texlive/2026/texmf-dist/tex/generic/pgf/modules/pgfmoduleplot.code.
tex
File: pgfmoduleplot.code.tex 2026-08-01 v3.1.12 (3.1.12)
)
(/usr/local/texlive/2026/texmf-dist/tex/latex/pgf/compatibility/pgfcomp-version
-0-65.sty
Package: pgfcomp-version-0-65 2026-08-01 v3.1.12 (3.1.12)
\pgf@nodesepstart=\dimen302
\pgf@nodesepend=\dimen303
)
(/usr/local/texlive/2026/texmf-dist/tex/latex/pgf/compatibility/pgfcomp-version
-1-18.sty
Package: pgfcomp-version-1-18 2026-08-01 v3.1.12 (3.1.12)
))
(/usr/local/texlive/2026/texmf-dist/tex/latex/pgf/utilities/pgffor.sty
(/usr/local/texlive/2026/texmf-dist/tex/latex/pgf/utilities/pgfkeys.sty
(/usr/local/texlive/2026/texmf-dist/tex/generic/pgf/utilities/pgfkeys.code.tex))
 (/usr/local/texlive/2026/texmf-dist/tex/latex/pgf/math/pgfmath.sty
(/usr/local/texlive/2026/texmf-dist/tex/generic/pgf/math/pgfmath.code.tex))
(/usr/local/texlive/2026/texmf-dist/tex/generic/pgf/utilities/pgffor.code.tex
Package: pgffor 2026-08-01 v3.1.12 (3.1.12)
\pgffor@iter=\dimen304
\pgffor@skip=\dimen305
\pgffor@stack=\toks36
\pgffor@toks=\toks37
))
(/usr/local/texlive/2026/texmf-dist/tex/generic/pgf/frontendlayer/tikz/tikz.cod
e.tex
Package: tikz 2026-08-01 v3.1.12 (3.1.12)

(/usr/local/texlive/2026/texmf-dist/tex/generic/pgf/libraries/pgflibraryplothan
dlers.code.tex
File: pgflibraryplothandlers.code.tex 2026-08-01 v3.1.12 (3.1.12)
\pgf@plot@mark@count=\count336
\pgfplotmarksize=\dimen306
)
\tikz@lastx=\dimen307
\tikz@lasty=\dimen308
\tikz@lastxsaved=\dimen309
\tikz@lastysaved=\dimen310
\tikz@lastmovetox=\dimen311
\tikz@lastmovetoy=\dimen312
\tikzleveldistance=\dimen313
\tikzsiblingdistance=\dimen314
\tikz@figbox=\box117
\tikz@figbox@bg=\box118
\tikz@tempbox=\box119
\tikz@tempbox@bg=\box120
\tikztreelevel=\count337
\tikznumberofchildren=\count338
\tikznumberofcurrentchild=\count339
\tikz@fig@count=\count340

(/usr/local/texlive/2026/texmf-dist/tex/generic/pgf/modules/pgfmodulematrix.cod
e.tex
File: pgfmodulematrix.code.tex 2026-08-01 v3.1.12 (3.1.12)
\pgfmatrixcurrentrow=\count341
\pgfmatrixcurrentcolumn=\count342
\pgf@matrix@numberofcolumns=\count343
)
\tikz@expandcount=\count344

(/usr/local/texlive/2026/texmf-dist/tex/generic/pgf/frontendlayer/tikz/librarie
s/tikzlibrarytopaths.code.tex
File: tikzlibrarytopaths.code.tex 2026-08-01 v3.1.12 (3.1.12)
)))
(/usr/local/texlive/2026/texmf-dist/tex/generic/pgf/frontendlayer/tikz/librarie
s/tikzlibrarypositioning.code.tex
File: tikzlibrarypositioning.code.tex 2026-08-01 v3.1.12 (3.1.12)
)
(/usr/local/texlive/2026/texmf-dist/tex/generic/pgf/frontendlayer/tikz/librarie
s/tikzlibrarydecorations.pathmorphing.code.tex
(/usr/local/texlive/2026/texmf-dist/tex/generic/pgf/frontendlayer/tikz/librarie
s/tikzlibrarydecorations.code.tex
(/usr/local/texlive/2026/texmf-dist/tex/generic/pgf/modules/pgfmoduledecoration
s.code.tex
\pgfdecoratedcompleteddistance=\dimen315
\pgfdecoratedremainingdistance=\dimen316
\pgfdecoratedinputsegmentcompleteddistance=\dimen317
\pgfdecoratedinputsegmentremainingdistance=\dimen318
\pgf@decorate@distancetomove=\dimen319
\pgf@decorate@repeatstate=\count345
\pgfdecorationsegmentamplitude=\dimen320
\pgfdecorationsegmentlength=\dimen321
)
\tikz@lib@dec@box=\box121
)
(/usr/local/texlive/2026/texmf-dist/tex/generic/pgf/libraries/decorations/pgfli
brarydecorations.pathmorphing.code.tex))
(/usr/local/texlive/2026/texmf-dist/tex/latex/pgfplots/pgfplots.sty
(/usr/local/texlive/2026/texmf-dist/tex/generic/pgfplots/pgfplots.revision.tex)
Package: pgfplots 2026/08/26 v1.18.3 Data Visualization (1.18.3)
(/usr/local/texlive/2026/texmf-dist/tex/generic/pgfplots/pgfplots.code.tex
(/usr/local/texlive/2026/texmf-dist/tex/generic/pgfplots/pgfplotscore.code.tex
Package pgfplots info on input line 124: Initializing with LUA version Lua 5.3
\pgfplots@luabackend@table=\catcodetable16
\t@pgfplots@toka=\toks38
\t@pgfplots@tokb=\toks39
\t@pgfplots@tokc=\toks40
\pgfplots@tmpa=\dimen322
\c@pgfplots@coordindex=\count346
\c@pgfplots@scanlineindex=\count347

(/usr/local/texlive/2026/texmf-dist/tex/generic/pgfplots/sys/pgfplotssysgeneric
.code.tex))
(/usr/local/texlive/2026/texmf-dist/tex/generic/pgfplots/libs/pgfplotslibrary.c
ode.tex)
(/usr/local/texlive/2026/texmf-dist/tex/generic/pgfplots/oldpgfcompatib/pgfplot
soldpgfsupp_loader.code.tex
(/usr/local/texlive/2026/texmf-dist/tex/generic/pgf/libraries/pgflibraryfpu.cod
e.tex)
(/usr/local/texlive/2026/texmf-dist/tex/generic/pgfplots/oldpgfcompatib/pgfplot
soldpgfsupp_pgfutil-common-lists.tex)
(/usr/local/texlive/2026/texmf-dist/tex/generic/pgf/libraries/luamath/pgflibrar
yluamath.code.tex)
Package pgfplots info on input line 292: luamath library shipped with pgf 3.1.1
2 is up-to-date
)
(/usr/local/texlive/2026/texmf-dist/tex/generic/pgfplots/util/pgfplotsutil.code
.tex
Package pgfplots info on input line 82: Found new luatex: initializing lua comm
ands instead of write18 (shell-escape)

(/usr/local/texlive/2026/texmf-dist/tex/generic/pgfplots/liststructure/pgfplots
liststructure.code.tex)
(/usr/local/texlive/2026/texmf-dist/tex/generic/pgfplots/liststructure/pgfplots
liststructureext.code.tex)
(/usr/local/texlive/2026/texmf-dist/tex/generic/pgfplots/liststructure/pgfplots
array.code.tex
\c@pgfplotsarray@tmp=\count348
)
(/usr/local/texlive/2026/texmf-dist/tex/generic/pgfplots/liststructure/pgfplots
matrix.code.tex)
(/usr/local/texlive/2026/texmf-dist/tex/generic/pgfplots/numtable/pgfplotstable
shared.code.tex
\c@pgfplotstable@counta=\count349
\t@pgfplotstable@a=\toks41
)
(/usr/local/texlive/2026/texmf-dist/tex/generic/pgfplots/liststructure/pgfplots
deque.code.tex)
(/usr/local/texlive/2026/texmf-dist/tex/generic/pgfplots/util/pgfplotsbinary.co
de.tex
(/usr/local/texlive/2026/texmf-dist/tex/generic/pgfplots/util/pgfplotsbinary.da
ta.code.tex))
(/usr/local/texlive/2026/texmf-dist/tex/generic/pgfplots/util/pgfplotsutil.verb
.code.tex)
(/usr/local/texlive/2026/texmf-dist/tex/generic/pgfplots/libs/pgflibrarypgfplot
s.surfshading.code.tex
\c@pgfplotslibrarysurf@no=\count350

(/usr/local/texlive/2026/texmf-dist/tex/generic/pgfplots/sys/pgflibrarypgfplots
.surfshading.pgfsys-luatex.def)))
(/usr/local/texlive/2026/texmf-dist/tex/generic/pgfplots/util/pgfplotscolormap.
code.tex
(/usr/local/texlive/2026/texmf-dist/tex/generic/pgfplots/util/pgfplotscolor.cod
e.tex))
(/usr/local/texlive/2026/texmf-dist/tex/generic/pgfplots/pgfplotsstackedplots.c
ode.tex)
(/usr/local/texlive/2026/texmf-dist/tex/generic/pgfplots/pgfplotsplothandlers.c
ode.tex
(/usr/local/texlive/2026/texmf-dist/tex/generic/pgfplots/pgfplotsmeshplothandle
r.code.tex
(/usr/local/texlive/2026/texmf-dist/tex/generic/pgfplots/pgfplotsmeshplotimage.
code.tex)))
(/usr/local/texlive/2026/texmf-dist/tex/generic/pgfplots/pgfplots.scaling.code.
tex)
(/usr/local/texlive/2026/texmf-dist/tex/generic/pgfplots/pgfplotscoordprocessin
g.code.tex)
(/usr/local/texlive/2026/texmf-dist/tex/generic/pgfplots/pgfplots.errorbars.cod
e.tex)
(/usr/local/texlive/2026/texmf-dist/tex/generic/pgfplots/pgfplots.markers.code.
tex)
(/usr/local/texlive/2026/texmf-dist/tex/generic/pgfplots/pgfplotsticks.code.tex
)
(/usr/local/texlive/2026/texmf-dist/tex/generic/pgfplots/pgfplots.paths.code.te
x)
(/usr/local/texlive/2026/texmf-dist/tex/generic/pgf/frontendlayer/tikz/librarie
s/tikzlibrarydecorations.pathreplacing.code.tex
(/usr/local/texlive/2026/texmf-dist/tex/generic/pgf/libraries/decorations/pgfli
brarydecorations.pathreplacing.code.tex))
(/usr/local/texlive/2026/texmf-dist/tex/generic/pgfplots/libs/tikzlibrarypgfplo
ts.contourlua.code.tex)
\pgfplots@numplots=\count351
\pgfplots@xmin@reg=\dimen323
\pgfplots@xmax@reg=\dimen324
\pgfplots@ymin@reg=\dimen325
\pgfplots@ymax@reg=\dimen326
\pgfplots@zmin@reg=\dimen327
\pgfplots@zmax@reg=\dimen328
)
(/usr/local/texlive/2026/texmf-dist/tex/generic/pgf/frontendlayer/tikz/librarie
s/tikzlibraryplotmarks.code.tex
File: tikzlibraryplotmarks.code.tex 2026-08-01 v3.1.12 (3.1.12)

(/usr/local/texlive/2026/texmf-dist/tex/generic/pgf/libraries/pgflibraryplotmar
ks.code.tex
File: pgflibraryplotmarks.code.tex 2026-08-01 v3.1.12 (3.1.12)
)))
(/usr/local/texlive/2026/texmf-dist/tex/generic/pgfplots/libs/tikzlibrarypgfplo
ts.statistics.code.tex)
(/usr/local/texlive/2026/texmf-dist/tex/latex/amsmath/amsmath.sty
Package: amsmath 2026/05/19 v2.18d AMS math features
\@mathmargin=\skip61

For additional information on amsmath, use the `?' option.
(/usr/local/texlive/2026/texmf-dist/tex/latex/amsmath/amstext.sty
Package: amstext 2024/11/17 v2.01 AMS text

(/usr/local/texlive/2026/texmf-dist/tex/latex/amsmath/amsgen.sty
File: amsgen.sty 1999/11/30 v2.0 generic functions
\@emptytoks=\toks42
\ex@=\dimen329
))
(/usr/local/texlive/2026/texmf-dist/tex/latex/amsmath/amsbsy.sty
Package: amsbsy 1999/11/29 v1.2d Bold Symbols
\pmbraise@=\dimen330
)
(/usr/local/texlive/2026/texmf-dist/tex/latex/amsmath/amsopn.sty
Package: amsopn 2022/04/08 v2.04 operator names
)
\inf@bad=\count352
LaTeX Info: Redefining \frac on input line 235.
\uproot@=\count353
\leftroot@=\count354
LaTeX Info: Redefining \overline on input line 398.
LaTeX Info: Redefining \colon on input line 409.
\classnum@=\count355
\DOTSCASE@=\count356
LaTeX Info: Redefining \ldots on input line 495.
LaTeX Info: Redefining \dots on input line 498.
LaTeX Info: Redefining \cdots on input line 619.
\Mathstrutbox@=\box122
\strutbox@=\box123
LaTeX Info: Redefining \big on input line 721.
LaTeX Info: Redefining \Big on input line 722.
LaTeX Info: Redefining \bigg on input line 723.
LaTeX Info: Redefining \Bigg on input line 724.
\big@size=\dimen331
LaTeX Font Info:    Redeclaring font encoding OML on input line 742.
LaTeX Font Info:    Redeclaring font encoding OMS on input line 743.
\macc@depth=\count357
LaTeX Info: Redefining \bmod on input line 904.
LaTeX Info: Redefining \pmod on input line 909.
LaTeX Info: Redefining \smash on input line 939.
LaTeX Info: Redefining \relbar on input line 969.
LaTeX Info: Redefining \Relbar on input line 970.
\c@MaxMatrixCols=\count358
\dotsspace@=\muskip17
\c@parentequation=\count359
\dspbrk@lvl=\count360
\tag@help=\toks43
\row@=\count361
\column@=\count362
\maxfields@=\count363
\andhelp@=\toks44
\eqnshift@=\dimen332
\alignsep@=\dimen333
\tagshift@=\dimen334
\tagwidth@=\dimen335
\totwidth@=\dimen336
\lineht@=\dimen337
\@envbody=\toks45
\multlinegap=\skip62
\multlinetaggap=\skip63
\mathdisplay@stack=\toks46
LaTeX Info: Redefining \[ on input line 2965.
LaTeX Info: Redefining \] on input line 2966.
)
(/usr/local/texlive/2026/texmf-dist/tex/latex/enumitem/enumitem.sty
Package: enumitem 2025/02/06 v3.11 Customized lists
\enitkv@toks@=\toks47
\labelindent=\skip64
\enit@outerparindent=\dimen338
\enit@toks=\toks48
\enit@inbox=\box124
\enit@count@id=\count364
\enitdp@description=\count365
)
(/usr/local/texlive/2026/texmf-dist/tex/latex/fancybox/fancybox.sty
Package: fancybox 2010/05/15 1.4

Style option: `fancybox' v1.4 <2010/05/15> (tvz)
\@fancybox=\box125
\shadowsize=\dimen339
\@Sbox=\box126
\do@VerbBox=\toks49
\the@fancyput=\toks50
\this@fancyput=\toks51
\EndVerbatimTokens=\toks52
\Verbatim@Outfile=\write4
\Verbatim@Infile=\read4
) (/usr/local/texlive/2026/texmf-dist/tex/latex/apacite/apacite.sty
Package: apacite 2013/07/21 v6.03 APA citation
\c@BibCnt=\count366
\bibleftmargin=\skip65
\bibindent=\skip66
\bibparsep=\skip67
\bibitemsep=\skip68
\biblabelsep=\skip69
)
(/usr/local/texlive/2026/texmf-dist/tex/latex/natbib/natbib.sty
Package: natbib 2010/09/13 8.31b (PWD, AO)
\bibhang=\skip70
\bibsep=\skip71
LaTeX Info: Redefining \cite on input line 694.
\c@NAT@ctr=\count367
)
LaTeX Info: Redefining \BBA on input line 59.

(/usr/local/texlive/2026/texmf-dist/tex/latex/fancyvrb/fancyvrb.sty
Package: fancyvrb 2026/08/13 4.7 verbatim text (tvz,hv)
\FV@CodeLineNo=\count368
\FV@InFile=\read5
\FV@TabBox=\box127
\c@FancyVerbLine=\count369
\FV@StepNumber=\count370
\FV@OutFile=\write5
LaTeX Info: Redefining \UseVerb on input line 1231.
)
(/usr/local/texlive/2026/texmf-dist/tex/latex/caption/caption.sty
Package: caption 2023/08/05 v3.6o Customizing captions (AR)

(/usr/local/texlive/2026/texmf-dist/tex/latex/caption/caption3.sty
Package: caption3 2023/07/31 v2.4d caption3 kernel (AR)
\caption@tempdima=\dimen340
\captionmargin=\dimen341
\caption@leftmargin=\dimen342
\caption@rightmargin=\dimen343
\caption@width=\dimen344
\caption@indent=\dimen345
\caption@parindent=\dimen346
\caption@hangindent=\dimen347
Package caption Info: Standard document class detected.
)
\c@caption@flags=\count371
\c@continuedfloat=\count372
Package caption Info: float package is loaded.
Package caption Info: longtable package is loaded.

(/usr/local/texlive/2026/texmf-dist/tex/latex/caption/ltcaption.sty
Package: ltcaption 2021/01/08 v1.4c longtable captions (AR)
))
(/usr/local/texlive/2026/texmf-dist/tex/latex/changepage/changepage.sty
Package: changepage 2026-09-15 v2.0b check page and change page layout
\c@cp@cntr=\count373
\cp@tempcnt=\count374
LaTeX Info: Redefining \checkoddpage on input line 68.
)
\c@textsample=\count375

(/usr/local/texlive/2026/texmf-dist/tex/latex/hyperref/hyperref.sty
Package: hyperref 2026-06-17 v7.01r Hypertext links for LaTeX

(/usr/local/texlive/2026/texmf-dist/tex/latex/kvsetkeys/kvsetkeys.sty
Package: kvsetkeys 2022-10-05 v1.19 Key value parser (HO)
)
(/usr/local/texlive/2026/texmf-dist/tex/generic/kvdefinekeys/kvdefinekeys.sty
Package: kvdefinekeys 2019-12-19 v1.6 Define keys (HO)
)
(/usr/local/texlive/2026/texmf-dist/tex/generic/pdfescape/pdfescape.sty
Package: pdfescape 2019/12/09 v1.15 Implements pdfTeX's escape features (HO)

(/usr/local/texlive/2026/texmf-dist/tex/generic/ltxcmds/ltxcmds.sty
Package: ltxcmds 2023-12-04 v1.26 LaTeX kernel commands for general use (HO)
)
(/usr/local/texlive/2026/texmf-dist/tex/generic/pdftexcmds/pdftexcmds.sty
Package: pdftexcmds 2020-06-27 v0.33 Utility functions of pdfTeX for LuaTeX (HO
)

(/usr/local/texlive/2026/texmf-dist/tex/generic/infwarerr/infwarerr.sty
Package: infwarerr 2019/12/03 v1.5 Providing info/warning/error messages (HO)
)
Package pdftexcmds Info: \pdf@primitive is available.
Package pdftexcmds Info: \pdf@ifprimitive is available.
Package pdftexcmds Info: \pdfdraftmode found.
\pdftexcmds@toks=\toks53
))
(/usr/local/texlive/2026/texmf-dist/tex/latex/hycolor/hycolor.sty
Package: hycolor 2020-01-27 v1.10 Color options for hyperref/bookmark (HO)
)
(/usr/local/texlive/2026/texmf-dist/tex/latex/hyperref/nameref.sty
Package: nameref 2026-01-29 v2.58 Cross-referencing by name of section

(/usr/local/texlive/2026/texmf-dist/tex/latex/refcount/refcount.sty
Package: refcount 2019/12/15 v3.6 Data extraction from label references (HO)
)
(/usr/local/texlive/2026/texmf-dist/tex/generic/gettitlestring/gettitlestring.s
ty
Package: gettitlestring 2019/12/15 v1.6 Cleanup title references (HO)
 (/usr/local/texlive/2026/texmf-dist/tex/latex/kvoptions/kvoptions.sty
Package: kvoptions 2022-06-15 v3.15 Key value format for package options (HO)
))
\c@section@level=\count376
)
(/usr/local/texlive/2026/texmf-dist/tex/generic/stringenc/stringenc.sty
Package: stringenc 2019/11/29 v1.12 Convert strings between diff. encodings (HO
)
)
\@linkdim=\dimen348
\Hy@linkcounter=\count377
\Hy@pagecounter=\count378

(/usr/local/texlive/2026/texmf-dist/tex/latex/hyperref/pd1enc.def
File: pd1enc.def 2026-06-17 v7.01r Hyperref: PDFDocEncoding definition (HO)
)
(/usr/local/texlive/2026/texmf-dist/tex/generic/intcalc/intcalc.sty
Package: intcalc 2019/12/15 v1.3 Expandable calculations with integers (HO)
)
\Hy@SavedSpaceFactor=\count379

(/usr/local/texlive/2026/texmf-dist/tex/latex/hyperref/puenc.def
File: puenc.def 2026-06-17 v7.01r Hyperref: PDF Unicode definition (HO)
)
Package hyperref Info: Option `colorlinks' set `true' on input line 4070.
Package hyperref Info: Hyper figures OFF on input line 4199.
Package hyperref Info: Link nesting OFF on input line 4204.
Package hyperref Info: Hyper index ON on input line 4207.
Package hyperref Info: Plain pages OFF on input line 4214.
Package hyperref Info: Backreferencing OFF on input line 4219.
Package hyperref Info: Implicit mode ON; LaTeX internals redefined.
Package hyperref Info: Bookmarks ON on input line 4466.
\c@Hy@tempcnt=\count380

(/usr/local/texlive/2026/texmf-dist/tex/latex/url/url.sty
\Urlmuskip=\muskip18
Package: url 2013/09/16  ver 3.4  Verb mode for urls, etc.
)
LaTeX Info: Redefining \url on input line 4805.
\XeTeXLinkMargin=\dimen349

(/usr/local/texlive/2026/texmf-dist/tex/generic/bitset/bitset.sty
Package: bitset 2019/12/09 v1.3 Handle bit-vector datatype (HO)

(/usr/local/texlive/2026/texmf-dist/tex/generic/bigintcalc/bigintcalc.sty
Package: bigintcalc 2019/12/15 v1.5 Expandable calculations on big integers (HO
)
))
\Fld@menulength=\count381
\Field@Width=\dimen350
\Fld@charsize=\dimen351
Package hyperref Info: Hyper figures OFF on input line 6091.
Package hyperref Info: Link nesting OFF on input line 6096.
Package hyperref Info: Hyper index ON on input line 6099.
Package hyperref Info: backreferencing OFF on input line 6106.
Package hyperref Info: Link coloring ON on input line 6109.
Package hyperref Info: Link coloring with OCG OFF on input line 6116.
Package hyperref Info: PDF/A mode OFF on input line 6121.
\Hy@abspage=\count382
\c@Item=\count383
\c@Hfootnote=\count384
)
Package hyperref Info: Driver (autodetected): hluatex.

(/usr/local/texlive/2026/texmf-dist/tex/latex/hyperref/hluatex.def
File: hluatex.def 2026-06-17 v7.01r Hyperref driver for luaTeX
\Fld@listcount=\count385
\c@bookmark@seq@number=\count386

(/usr/local/texlive/2026/texmf-dist/tex/latex/rerunfilecheck/rerunfilecheck.sty
Package: rerunfilecheck 2025-06-21 v1.11 Rerun checks for auxiliary files (HO)

(/usr/local/texlive/2026/texmf-dist/tex/generic/uniquecounter/uniquecounter.sty
Package: uniquecounter 2019/12/15 v1.4 Provide unlimited unique counter (HO)
)
Package uniquecounter Info: New unique counter `rerunfilecheck' on input line 2
84.
)
\Hy@SectionHShift=\skip72
) (/usr/local/texlive/2026/texmf-dist/tex/latex/l3kernel/l3backend-luatex.def
File: l3backend-luatex.def 2026-09-09 L3 backend support: PDF output (LuaTeX)
\l__color_backend_stack_int=\count387
Inserting `l3color' in `luaotfload.parse_color'.) (./examples.aux)
\openout1 = examples.aux

LaTeX Font Info:    Checking defaults for OML/cmm/m/it on input line 91.
LaTeX Font Info:    ... okay on input line 91.
LaTeX Font Info:    Checking defaults for OMS/cmsy/m/n on input line 91.
LaTeX Font Info:    ... okay on input line 91.
LaTeX Font Info:    Checking defaults for OT1/cmr/m/n on input line 91.
LaTeX Font Info:    ... okay on input line 91.
LaTeX Font Info:    Checking defaults for T1/cmr/m/n on input line 91.
LaTeX Font Info:    ... okay on input line 91.
LaTeX Font Info:    Checking defaults for TS1/cmr/m/n on input line 91.
LaTeX Font Info:    ... okay on input line 91.
LaTeX Font Info:    Checking defaults for TU/lmr/m/n on input line 91.
LaTeX Font Info:    ... okay on input line 91.
LaTeX Font Info:    Checking defaults for OMX/cmex/m/n on input line 91.
LaTeX Font Info:    ... okay on input line 91.
LaTeX Font Info:    Checking defaults for U/cmr/m/n on input line 91.
LaTeX Font Info:    ... okay on input line 91.
LaTeX Font Info:    Checking defaults for PD1/pdf/m/n on input line 91.
LaTeX Font Info:    ... okay on input line 91.
LaTeX Font Info:    Checking defaults for PU/pdf/m/n on input line 91.
LaTeX Font Info:    ... okay on input line 91.

Package fontspec Info: 
(fontspec)             Adjusting the maths setup (use [no-math] to avoid
(fontspec)             this).

\symlegacymaths=\mathgroup4
LaTeX Font Info:    Overwriting symbol font `legacymaths' in version `bold'
(Font)                  OT1/cmr/m/n --> OT1/cmr/bx/n on input line 91.
LaTeX Font Info:    Redeclaring math accent \acute on input line 91.
LaTeX Font Info:    Redeclaring math accent \grave on input line 91.
LaTeX Font Info:    Redeclaring math accent \ddot on input line 91.
LaTeX Font Info:    Redeclaring math accent \tilde on input line 91.
LaTeX Font Info:    Redeclaring math accent \bar on input line 91.
LaTeX Font Info:    Redeclaring math accent \breve on input line 91.
LaTeX Font Info:    Redeclaring math accent \check on input line 91.
LaTeX Font Info:    Redeclaring math accent \hat on input line 91.
LaTeX Font Info:    Redeclaring math accent \dot on input line 91.
LaTeX Font Info:    Redeclaring math accent \mathring on input line 91.
LaTeX Font Info:    Redeclaring math symbol \Gamma on input line 91.
LaTeX Font Info:    Redeclaring math symbol \Delta on input line 91.
LaTeX Font Info:    Redeclaring math symbol \Theta on input line 91.
LaTeX Font Info:    Redeclaring math symbol \Lambda on input line 91.
LaTeX Font Info:    Redeclaring math symbol \Xi on input line 91.
LaTeX Font Info:    Redeclaring math symbol \Pi on input line 91.
LaTeX Font Info:    Redeclaring math symbol \Sigma on input line 91.
LaTeX Font Info:    Redeclaring math symbol \Upsilon on input line 91.
LaTeX Font Info:    Redeclaring math symbol \Phi on input line 91.
LaTeX Font Info:    Redeclaring math symbol \Psi on input line 91.
LaTeX Font Info:    Redeclaring math symbol \Omega on input line 91.
LaTeX Font Info:    Redeclaring math symbol \mathdollar on input line 91.
LaTeX Font Info:    Redeclaring symbol font `operators' on input line 91.
LaTeX Font Info:    Encoding `OT1' has changed to `TU' for symbol font
(Font)              `operators' in the math version `normal' on input line 91.
LaTeX Font Info:    Overwriting symbol font `operators' in version `normal'
(Font)                  OT1/cmr/m/n --> TU/DejaVuSerif(0)/m/n on input line 91.

LaTeX Font Info:    Encoding `OT1' has changed to `TU' for symbol font
(Font)              `operators' in the math version `bold' on input line 91.
LaTeX Font Info:    Overwriting symbol font `operators' in version `bold'
(Font)                  OT1/cmr/bx/n --> TU/DejaVuSerif(0)/m/n on input line 91
.
LaTeX Font Info:    Overwriting symbol font `operators' in version `normal'
(Font)                  TU/DejaVuSerif(0)/m/n --> TU/DejaVuSerif(0)/m/n on inpu
t line 91.
LaTeX Font Info:    Overwriting math alphabet `\mathit' in version `normal'
(Font)                  OT1/cmr/m/it --> TU/DejaVuSerif(0)/m/it on input line 9
1.
LaTeX Font Info:    Overwriting math alphabet `\mathbf' in version `normal'
(Font)                  OT1/cmr/bx/n --> TU/DejaVuSerif(0)/b/n on input line 91
.
LaTeX Font Info:    Overwriting math alphabet `\mathsf' in version `normal'
(Font)                  OT1/cmss/m/n --> TU/lmss/m/n on input line 91.
LaTeX Font Info:    Overwriting math alphabet `\mathtt' in version `normal'
(Font)                  OT1/cmtt/m/n --> TU/lmtt/m/n on input line 91.
LaTeX Font Info:    Overwriting symbol font `operators' in version `bold'
(Font)                  TU/DejaVuSerif(0)/m/n --> TU/DejaVuSerif(0)/b/n on inpu
t line 91.
LaTeX Font Info:    Overwriting math alphabet `\mathit' in version `bold'
(Font)                  OT1/cmr/bx/it --> TU/DejaVuSerif(0)/b/it on input line 
91.
LaTeX Font Info:    Overwriting math alphabet `\mathsf' in version `bold'
(Font)                  OT1/cmss/bx/n --> TU/lmss/b/n on input line 91.
LaTeX Font Info:    Overwriting math alphabet `\mathtt' in version `bold'
(Font)                  OT1/cmtt/m/n --> TU/lmtt/b/n on input line 91.

*geometry* driver: auto-detecting
*geometry* detected driver: luatex
*geometry* verbose mode - [ preamble ] result:
* driver: luatex
* paper: letterpaper
* layout: <same size as paper>
* layoutoffset:(h,v)=(0.0pt,0.0pt)
* modes: 
* h-part:(L,W,R)=(72.26999pt, 469.75502pt, 72.26999pt)
* v-part:(T,H,B)=(72.26999pt, 650.43001pt, 72.26999pt)
* \paperwidth=614.295pt
* \paperheight=794.96999pt
* \textwidth=469.75502pt
* \textheight=650.43001pt
* \oddsidemargin=0.0pt
* \evensidemargin=0.0pt
* \topmargin=-37.0pt
* \headheight=12.0pt
* \headsep=25.0pt
* \topskip=10.0pt
* \footskip=30.0pt
* \marginparwidth=65.0pt
* \marginparsep=11.0pt
* \columnsep=0.0pt
* \skip\footins=9.0pt plus 4.0pt minus 2.0pt
* \hoffset=0.0pt
* \voffset=0.0pt
* \mag=1000
* \@twocolumnfalse
* \@twosidefalse
* \@mparswitchfalse
* \@reversemarginfalse
* (1in=72.27pt=25.4mm, 1cm=28.453pt)

(/usr/local/texlive/2026/texmf-dist/tex/context/base/mkii/supp-pdf.mkii
[Loading MPS to PDF converter (version 2006.09.02).]
\scratchcounter=\count388
\scratchdimen=\dimen352
\scratchbox=\box128
\nofMPsegments=\count389
\nofMParguments=\count390
\everyMPshowfont=\toks54
\MPscratchCnt=\count391
\MPscratchDim=\dimen353
\MPnumerator=\count392
\makeMPintoPDFobject=\count393
\everyMPtoPDFconversion=\toks55
) (/usr/local/texlive/2026/texmf-dist/tex/latex/epstopdf-pkg/epstopdf-base.sty
Package: epstopdf-base 2020-01-24 v2.11 Base part for package epstopdf
Package epstopdf-base Info: Redefining graphics rule for `.eps' on input line 4
85.

(/usr/local/texlive/2026/texmf-dist/tex/latex/latexconfig/epstopdf-sys.cfg
File: epstopdf-sys.cfg 2010/07/13 v1.3 Configuration of (r)epstopdf for TeX Liv
e
))
Package pgfplots notification 'compat/show suggested version=true': document ha
s been generated with the most recent feature set (\pgfplotsset{compat=1.18}).

\c@maskedRefs=\count394
(/usr/local/texlive/2026/texmf-dist/tex/latex/apacite/english.apc
File: english.apc 2013/07/21 v6.03 apacite language file
LaTeX Info: Redefining \BPBI on input line 129.
LaTeX Info: Redefining \BHBI on input line 130.
)
Package caption Info: Begin \AtBeginDocument code.
Package caption Info: changepage package is loaded.
\caption@adjustwidth@hsize=\dimen354
\caption@adjustwidth@linewidth=\dimen355
Package caption Info: hyperref package is loaded.
Package caption Info: End \AtBeginDocument code.
Package hyperref Info: Link coloring ON on input line 91.

(./examples.out) (./examples.out)
\@outlinefile=\write6

\openout6 = examples.out
Package babel Info: Main language set to 'american'.
 (./examples.toc)
\tf@toc=\write7

\openout7 = examples.toc

(/home/eyamrog/PycharmProjects/vem-corpus/12_cl_st1_claudia_vem/examples/f1_pos
/f1_pos_001.tex
Overfull \hbox (0.21028pt too wide) in paragraph at lines 1--60
\TU/DejaVuSerif(0)/m/n/10 https://pub-li-ca-coescesu.cps.sp.gov.br/VEm/ar-ti-cle
/view/283/219 con-tin-u-ação O
 []

[1

{/usr/local/texlive/2026/texmf-var/fonts/map/pdftex/updmap/pdftex.map}]
[2] [3] [4])
(/home/eyamrog/PycharmProjects/vem-corpus/12_cl_st1_claudia_vem/examples/f1_pos
/f1_pos_002.tex [5])
(/home/eyamrog/PycharmProjects/vem-corpus/12_cl_st1_claudia_vem/examples/f1_pos
/f1_pos_003.tex [6])
(/home/eyamrog/PycharmProjects/vem-corpus/12_cl_st1_claudia_vem/examples/f1_pos
/f1_pos_004.tex [7])
(/home/eyamrog/PycharmProjects/vem-corpus/12_cl_st1_claudia_vem/examples/f1_pos
/f1_pos_005.tex [8])
(/home/eyamrog/PycharmProjects/vem-corpus/12_cl_st1_claudia_vem/examples/f1_pos
/f1_pos_006.tex [9])
(/home/eyamrog/PycharmProjects/vem-corpus/12_cl_st1_claudia_vem/examples/f1_pos
/f1_pos_007.tex [10] [11])
(/home/eyamrog/PycharmProjects/vem-corpus/12_cl_st1_claudia_vem/examples/f1_pos
/f1_pos_008.tex
Overfull \hbox (8.5013pt too wide) in paragraph at lines 1--13
\TU/DejaVuSerif(0)/m/n/10 bookLM”foi re-al-izada com base em um con-junto de 
edições do in-for-ma-tivo”VEm”.
 []


Overfull \hbox (7.41927pt too wide) in paragraph at lines 1--13
\TU/DejaVuSerif(0)/m/n/10 de ha-bil-i-dades transver-sais, au-men-tar a em-pre-g
a-bil-i-dade dos grad-u-a-dos e apoiar
 []

[12])
(/home/eyamrog/PycharmProjects/vem-corpus/12_cl_st1_claudia_vem/examples/f1_pos
/f1_pos_009.tex
Overfull \hbox (9.77327pt too wide) in paragraph at lines 1--10
\TU/DejaVuSerif(0)/m/n/10 Apren-diza-gem Co-lab-o-ra-tiva In-ter-na-cional On-li
ne): Sen-si-bil-i-dade lóg-ica humano-
 []


Overfull \hbox (8.88216pt too wide) in paragraph at lines 1--10
\TU/DejaVuSerif(0)/m/n/10 tual Apren-diza-gem e de-sapren-diza-gem adap-ta-ti-va
s Pen-sa-mento sistêmico Gestão
 []

)
(/home/eyamrog/PycharmProjects/vem-corpus/12_cl_st1_claudia_vem/examples/f1_pos
/f1_pos_010.tex [13])
(/home/eyamrog/PycharmProjects/vem-corpus/12_cl_st1_claudia_vem/examples/f1_pos
/f1_pos_011.tex [14])
(/home/eyamrog/PycharmProjects/vem-corpus/12_cl_st1_claudia_vem/examples/f1_pos
/f1_pos_012.tex [15] [16])
(/home/eyamrog/PycharmProjects/vem-corpus/12_cl_st1_claudia_vem/examples/f1_pos
/f1_pos_013.tex
Overfull \hbox (11.64778pt too wide) in paragraph at lines 1--14
\TU/DejaVuSerif(0)/m/n/10 Re-giane Ca-margo, re-spon-sável pe-los Pro-je-tos Co
-lab-o-ra-tivos In-ter-na-cionais (PCIs)
 []

[17])
(/home/eyamrog/PycharmProjects/vem-corpus/12_cl_st1_claudia_vem/examples/f1_pos
/f1_pos_014.tex)
(/home/eyamrog/PycharmProjects/vem-corpus/12_cl_st1_claudia_vem/examples/f1_pos
/f1_pos_015.tex [18])
(/home/eyamrog/PycharmProjects/vem-corpus/12_cl_st1_claudia_vem/examples/f1_pos
/f1_pos_016.tex
Overfull \hbox (71.15266pt too wide) in paragraph at lines 1--9
\TU/DejaVuSerif(0)/m/n/10 ca-cionf-py-de-portes.gob.es/brasil/dam/jcr:21177019-2
de7-4a5a-99c2-3fcd4feaabf3/programa-
 []


Overfull \hbox (5.99153pt too wide) in paragraph at lines 1--9
\TU/DejaVuSerif(0)/m/n/10 xxxi-seminario-definitivo--2-.pdf Re-giane e Maria Aux
-il-i-adora ap-re-sen-taram pres-
 []


Overfull \hbox (8.29028pt too wide) in paragraph at lines 1--9
\TU/DejaVuSerif(0)/m/n/10 PCI en-vol-vendo es-tu-dantes do curso de Gestão Com-
er-cial da Fatec Guaratinguetá
 []


Overfull \hbox (33.56477pt too wide) in paragraph at lines 1--9
\TU/DejaVuSerif(0)/m/n/10 https://www.cps.sp.gov.br/cps-e-segundo-maior-do-mundo
-em-projetos-colaborativos-
 []


Overfull \hbox (40.94514pt too wide) in paragraph at lines 1--9
\TU/DejaVuSerif(0)/m/n/10 Unimin-uto: https://cesu.cps.sp.gov.br/projetos-colabo
rativos-internacionais-webinario-
 []


Overfull \hbox (3.74788pt too wide) in paragraph at lines 1--9
\TU/DejaVuSerif(0)/m/n/10 e Mônica: https://pub-li-ca-coescesu.cps.sp.gov.br/VE
m/ar-ti-cle/view/265/204 Para
 []

)
(/home/eyamrog/PycharmProjects/vem-corpus/12_cl_st1_claudia_vem/examples/f1_pos
/f1_pos_017.tex [19])
(/home/eyamrog/PycharmProjects/vem-corpus/12_cl_st1_claudia_vem/examples/f1_pos
/f1_pos_018.tex [20] [21])
(/home/eyamrog/PycharmProjects/vem-corpus/12_cl_st1_claudia_vem/examples/f1_pos
/f1_pos_019.tex)
(/home/eyamrog/PycharmProjects/vem-corpus/12_cl_st1_claudia_vem/examples/f1_pos
/f1_pos_020.tex
Overfull \hbox (32.6246pt too wide) in paragraph at lines 1--15
\TU/DejaVuSerif(0)/m/n/10 Sul. A gravação do we-binário encontra-se em https:
//www.youtube.com/watch?v=acs-
 []

[22])
(/home/eyamrog/PycharmProjects/vem-corpus/12_cl_st1_claudia_vem/examples/f1_pos
/f1_pos_021.tex)
(/home/eyamrog/PycharmProjects/vem-corpus/12_cl_st1_claudia_vem/examples/f1_pos
/f1_pos_022.tex [23])
(/home/eyamrog/PycharmProjects/vem-corpus/12_cl_st1_claudia_vem/examples/f1_pos
/f1_pos_023.tex)
(/home/eyamrog/PycharmProjects/vem-corpus/12_cl_st1_claudia_vem/examples/f1_pos
/f1_pos_024.tex [24])
(/home/eyamrog/PycharmProjects/vem-corpus/12_cl_st1_claudia_vem/examples/f1_pos
/f1_pos_025.tex)
(/home/eyamrog/PycharmProjects/vem-corpus/12_cl_st1_claudia_vem/examples/f1_pos
/f1_pos_026.tex [25])
(/home/eyamrog/PycharmProjects/vem-corpus/12_cl_st1_claudia_vem/examples/f1_pos
/f1_pos_027.tex [26])
(/home/eyamrog/PycharmProjects/vem-corpus/12_cl_st1_claudia_vem/examples/f1_pos
/f1_pos_028.tex)
(/home/eyamrog/PycharmProjects/vem-corpus/12_cl_st1_claudia_vem/examples/f1_pos
/f1_pos_029.tex [27])
(/home/eyamrog/PycharmProjects/vem-corpus/12_cl_st1_claudia_vem/examples/f1_pos
/f1_pos_030.tex)
(/home/eyamrog/PycharmProjects/vem-corpus/12_cl_st1_claudia_vem/examples/f1_pos
/f1_pos_031.tex [28])
(/home/eyamrog/PycharmProjects/vem-corpus/12_cl_st1_claudia_vem/examples/f1_pos
/f1_pos_032.tex
Overfull \hbox (5.71321pt too wide) in paragraph at lines 1--12
\TU/DejaVuSerif(0)/m/n/10 in-clui doutorado em Ad-min-is-tração e Su-per-vis
ão Ed-u-ca-cional pela FIU, mestrado
 []

[29])
(/home/eyamrog/PycharmProjects/vem-corpus/12_cl_st1_claudia_vem/examples/f1_pos
/f1_pos_033.tex)
(/home/eyamrog/PycharmProjects/vem-corpus/12_cl_st1_claudia_vem/examples/f1_pos
/f1_pos_034.tex [30])
(/home/eyamrog/PycharmProjects/vem-corpus/12_cl_st1_claudia_vem/examples/f1_pos
/f1_pos_035.tex
Overfull \hbox (75.87167pt too wide) in paragraph at lines 1--12
\TU/DejaVuSerif(0)/m/n/10 148 par-tic-i-pantes. A sín-tese das ap-re-sen-taç
ões está em VEm 15 (https://cesu.cps.sp.gov.br/wp-
 []


Overfull \hbox (1.2688pt too wide) in paragraph at lines 1--12
\TU/DejaVuSerif(0)/m/n/10 de PCIs / Cesu en-ten-deu que o IVES Cesu 2023 de-v-e-
ria ser re-al-izado no primeiro
 []

[31])
(/home/eyamrog/PycharmProjects/vem-corpus/12_cl_st1_claudia_vem/examples/f1_pos
/f1_pos_036.tex)
(/home/eyamrog/PycharmProjects/vem-corpus/12_cl_st1_claudia_vem/examples/f1_pos
/f1_pos_037.tex [32])
(/home/eyamrog/PycharmProjects/vem-corpus/12_cl_st1_claudia_vem/examples/f1_pos
/f1_pos_038.tex
Overfull \hbox (0.7718pt too wide) in paragraph at lines 1--8
[]  \TU/DejaVuSerif(0)/m/n/10 Ofic-i-nas De-safios do treina-mento e sus-tentabi
l-i-dade dos pro-je-tos Re-giane Souza
 []

)
(/home/eyamrog/PycharmProjects/vem-corpus/12_cl_st1_claudia_vem/examples/f1_pos
/f1_pos_039.tex [33])
(/home/eyamrog/PycharmProjects/vem-corpus/12_cl_st1_claudia_vem/examples/f1_pos
/f1_pos_040.tex)
(/home/eyamrog/PycharmProjects/vem-corpus/12_cl_st1_claudia_vem/examples/f1_pos
/f1_pos_041.tex [34])
(/home/eyamrog/PycharmProjects/vem-corpus/12_cl_st1_claudia_vem/examples/f1_pos
/f1_pos_042.tex)
(/home/eyamrog/PycharmProjects/vem-corpus/12_cl_st1_claudia_vem/examples/f1_pos
/f1_pos_043.tex [35])
(/home/eyamrog/PycharmProjects/vem-corpus/12_cl_st1_claudia_vem/examples/f1_pos
/f1_pos_044.tex)
(/home/eyamrog/PycharmProjects/vem-corpus/12_cl_st1_claudia_vem/examples/f1_pos
/f1_pos_045.tex
Overfull \hbox (13.89853pt too wide) in paragraph at lines 1--104
\TU/DejaVuSerif(0)/m/n/10 On-line na De-Paul Uni-ver-sity (EUA) EVEN-TOS IN-TER-
NA-CIONAIS de-batem gestão
 []


Overfull \hbox (1.57536pt too wide) in paragraph at lines 1--104
\TU/DejaVuSerif(0)/m/n/10 de pro-je-tos COIL (Col-lab-o-ra-tive On-line In-ter-n
a-tional Learn-ing) FATEC FRANCO
 []


Overfull \hbox (12.23267pt too wide) in paragraph at lines 1--104
\TU/DejaVuSerif(0)/m/n/10 gera-live-para-angariar-doacoes-para-criancas-e-jovens
-da-ucrania/ A seguir, con-
 []

[36] [37] [38] [39] [40])
(/home/eyamrog/PycharmProjects/vem-corpus/12_cl_st1_claudia_vem/examples/f1_pos
/f1_pos_046.tex)
(/home/eyamrog/PycharmProjects/vem-corpus/12_cl_st1_claudia_vem/examples/f1_pos
/f1_pos_047.tex
Overfull \hbox (39.1092pt too wide) in paragraph at lines 1--11
\TU/DejaVuSerif(0)/m/n/10 primeira dé-cada de PCIs: https://cesu.cps.sp.gov.br/
wp-content/up-loads/2023/05/VEm-
 []

[41])
(/home/eyamrog/PycharmProjects/vem-corpus/12_cl_st1_claudia_vem/examples/f1_pos
/f1_pos_048.tex [42])
(/home/eyamrog/PycharmProjects/vem-corpus/12_cl_st1_claudia_vem/examples/f1_pos
/f1_pos_049.tex [43])
(/home/eyamrog/PycharmProjects/vem-corpus/12_cl_st1_claudia_vem/examples/f1_pos
/f1_pos_050.tex [44])
(/home/eyamrog/PycharmProjects/vem-corpus/12_cl_st1_claudia_vem/examples/f1_pos
/f1_pos_051.tex [45])
(/home/eyamrog/PycharmProjects/vem-corpus/12_cl_st1_claudia_vem/examples/f1_pos
/f1_pos_052.tex
Overfull \hbox (82.05925pt too wide) in paragraph at lines 1--16
\TU/DejaVuSerif(0)/m/n/10 coescesu.cps.sp.gov.br/VEm/about/sub-mis-sions Dúvi-d
as? Es-creva para cesu.pci@cps.sp.gov.br.
 []

[46])
(/home/eyamrog/PycharmProjects/vem-corpus/12_cl_st1_claudia_vem/examples/f1_pos
/f1_pos_053.tex [47] [48])
(/home/eyamrog/PycharmProjects/vem-corpus/12_cl_st1_claudia_vem/examples/f1_pos
/f1_pos_054.tex [49] [50] [51])
(/home/eyamrog/PycharmProjects/vem-corpus/12_cl_st1_claudia_vem/examples/f1_pos
/f1_pos_055.tex [52])
(/home/eyamrog/PycharmProjects/vem-corpus/12_cl_st1_claudia_vem/examples/f1_pos
/f1_pos_056.tex)
(/home/eyamrog/PycharmProjects/vem-corpus/12_cl_st1_claudia_vem/examples/f1_pos
/f1_pos_057.tex [53] [54] [55])
(/home/eyamrog/PycharmProjects/vem-corpus/12_cl_st1_claudia_vem/examples/f1_pos
/f1_pos_058.tex)
(/home/eyamrog/PycharmProjects/vem-corpus/12_cl_st1_claudia_vem/examples/f1_pos
/f1_pos_059.tex [56])
(/home/eyamrog/PycharmProjects/vem-corpus/12_cl_st1_claudia_vem/examples/f1_pos
/f1_pos_060.tex [57])
(/home/eyamrog/PycharmProjects/vem-corpus/12_cl_st1_claudia_vem/examples/f1_pos
/f1_pos_061.tex [58])
(/home/eyamrog/PycharmProjects/vem-corpus/12_cl_st1_claudia_vem/examples/f1_pos
/f1_pos_062.tex [59] [60])
(/home/eyamrog/PycharmProjects/vem-corpus/12_cl_st1_claudia_vem/examples/f1_pos
/f1_pos_063.tex [61])
(/home/eyamrog/PycharmProjects/vem-corpus/12_cl_st1_claudia_vem/examples/f1_pos
/f1_pos_064.tex)
(/home/eyamrog/PycharmProjects/vem-corpus/12_cl_st1_claudia_vem/examples/f1_pos
/f1_pos_065.tex [62])
(/home/eyamrog/PycharmProjects/vem-corpus/12_cl_st1_claudia_vem/examples/f1_pos
/f1_pos_066.tex [63])
(/home/eyamrog/PycharmProjects/vem-corpus/12_cl_st1_claudia_vem/examples/f1_pos
/f1_pos_067.tex)
(/home/eyamrog/PycharmProjects/vem-corpus/12_cl_st1_claudia_vem/examples/f1_pos
/f1_pos_068.tex [64])
(/home/eyamrog/PycharmProjects/vem-corpus/12_cl_st1_claudia_vem/examples/f1_pos
/f1_pos_069.tex)
(/home/eyamrog/PycharmProjects/vem-corpus/12_cl_st1_claudia_vem/examples/f1_pos
/f1_pos_070.tex [65])
(/home/eyamrog/PycharmProjects/vem-corpus/12_cl_st1_claudia_vem/examples/f1_pos
/f1_pos_071.tex)
(/home/eyamrog/PycharmProjects/vem-corpus/12_cl_st1_claudia_vem/examples/f1_pos
/f1_pos_072.tex [66])
(/home/eyamrog/PycharmProjects/vem-corpus/12_cl_st1_claudia_vem/examples/f1_pos
/f1_pos_073.tex
Overfull \hbox (18.44965pt too wide) in paragraph at lines 1--13
[]  \TU/DejaVuSerif(0)/m/n/10 ALUNOS AVALIAM PCIs: PESQUISA 1º SEMESTRE DE 2022
 No primeiro semestre
 []


Overfull \hbox (0.17317pt too wide) in paragraph at lines 1--13
\TU/DejaVuSerif(0)/m/n/10 de 2022, 1.683 es-tu-dantes foram aten-di-dos em 70 PC
Is re-al-iza-dos em 33 Fatecs.
 []

[67])
(/home/eyamrog/PycharmProjects/vem-corpus/12_cl_st1_claudia_vem/examples/f1_pos
/f1_pos_074.tex)
(/home/eyamrog/PycharmProjects/vem-corpus/12_cl_st1_claudia_vem/examples/f1_pos
/f1_pos_075.tex [68])
(/home/eyamrog/PycharmProjects/vem-corpus/12_cl_st1_claudia_vem/examples/f1_pos
/f1_pos_076.tex)
(/home/eyamrog/PycharmProjects/vem-corpus/12_cl_st1_claudia_vem/examples/f1_pos
/f1_pos_077.tex [69])
(/home/eyamrog/PycharmProjects/vem-corpus/12_cl_st1_claudia_vem/examples/f1_pos
/f1_pos_078.tex [70])
(/home/eyamrog/PycharmProjects/vem-corpus/12_cl_st1_claudia_vem/examples/f1_pos
/f1_pos_079.tex)
(/home/eyamrog/PycharmProjects/vem-corpus/12_cl_st1_claudia_vem/examples/f1_pos
/f1_pos_080.tex
Overfull \hbox (32.30501pt too wide) in paragraph at lines 1--13
\TU/DejaVuSerif(0)/m/n/10 v.br/em-evento-organizado-pela-inacap-chile-com-a-equi
pe-dos-pcis-alunos-de-fatecs-
 []

[71])
(/home/eyamrog/PycharmProjects/vem-corpus/12_cl_st1_claudia_vem/examples/f1_pos
/f1_pos_081.tex [72])
(/home/eyamrog/PycharmProjects/vem-corpus/12_cl_st1_claudia_vem/examples/f1_pos
/f1_pos_082.tex)
(/home/eyamrog/PycharmProjects/vem-corpus/12_cl_st1_claudia_vem/examples/f1_pos
/f1_pos_083.tex)
(/home/eyamrog/PycharmProjects/vem-corpus/12_cl_st1_claudia_vem/examples/f1_pos
/f1_pos_084.tex [73])
(/home/eyamrog/PycharmProjects/vem-corpus/12_cl_st1_claudia_vem/examples/f1_pos
/f1_pos_085.tex
Overfull \hbox (37.62727pt too wide) in paragraph at lines 1--7
\TU/DejaVuSerif(0)/m/n/10 como”ótima”ou”boa”86 % avaliam in-ter-ação com cole-gas brasileiros
”ótima”ou”boa”63
 []


Overfull \hbox (32.16179pt too wide) in paragraph at lines 1--7
\TU/DejaVuSerif(0)/m/n/10 mam que a com-petên-cia no id-ioma es-trangeiro mel-h
orou. 88 % avaliam como”ótima”e
 []

)
(/home/eyamrog/PycharmProjects/vem-corpus/12_cl_st1_claudia_vem/examples/f1_pos
/f1_pos_086.tex [74])
(/home/eyamrog/PycharmProjects/vem-corpus/12_cl_st1_claudia_vem/examples/f1_pos
/f1_pos_087.tex [75])
(/home/eyamrog/PycharmProjects/vem-corpus/12_cl_st1_claudia_vem/examples/f1_pos
/f1_pos_088.tex)
(/home/eyamrog/PycharmProjects/vem-corpus/12_cl_st1_claudia_vem/examples/f1_pos
/f1_pos_089.tex [76])
(/home/eyamrog/PycharmProjects/vem-corpus/12_cl_st1_claudia_vem/examples/f1_pos
/f1_pos_090.tex [77])
(/home/eyamrog/PycharmProjects/vem-corpus/12_cl_st1_claudia_vem/examples/f1_pos
/f1_pos_091.tex
Overfull \hbox (4.35124pt too wide) in paragraph at lines 1--14
\TU/DejaVuSerif(0)/m/n/10 em países lati-noamer-i-canos. En-tre elas, está a 
uni-ver-si-dade colom-biana Unimin-
 []

[78])
(/home/eyamrog/PycharmProjects/vem-corpus/12_cl_st1_claudia_vem/examples/f1_neg
/f1_neg_001.tex)
(/home/eyamrog/PycharmProjects/vem-corpus/12_cl_st1_claudia_vem/examples/f1_neg
/f1_neg_002.tex [79])
(/home/eyamrog/PycharmProjects/vem-corpus/12_cl_st1_claudia_vem/examples/f1_neg
/f1_neg_003.tex
Overfull \hbox (37.62727pt too wide) in paragraph at lines 1--7
\TU/DejaVuSerif(0)/m/n/10 como”ótima”ou”boa”86 % avaliam in-ter-ação com cole-gas brasileiros
”ótima”ou”boa”63
 []


Overfull \hbox (32.16179pt too wide) in paragraph at lines 1--7
\TU/DejaVuSerif(0)/m/n/10 mam que a com-petên-cia no id-ioma es-trangeiro mel-h
orou. 88 % avaliam como”ótima”e
 []

)
(/home/eyamrog/PycharmProjects/vem-corpus/12_cl_st1_claudia_vem/examples/f1_neg
/f1_neg_004.tex [80])
(/home/eyamrog/PycharmProjects/vem-corpus/12_cl_st1_claudia_vem/examples/f1_neg
/f1_neg_005.tex
Overfull \hbox (4.35124pt too wide) in paragraph at lines 1--14
\TU/DejaVuSerif(0)/m/n/10 em países lati-noamer-i-canos. En-tre elas, está a 
uni-ver-si-dade colom-biana Unimin-
 []

[81])
(/home/eyamrog/PycharmProjects/vem-corpus/12_cl_st1_claudia_vem/examples/f1_neg
/f1_neg_006.tex)
(/home/eyamrog/PycharmProjects/vem-corpus/12_cl_st1_claudia_vem/examples/f1_neg
/f1_neg_007.tex [82])
(/home/eyamrog/PycharmProjects/vem-corpus/12_cl_st1_claudia_vem/examples/f1_neg
/f1_neg_008.tex [83])
(/home/eyamrog/PycharmProjects/vem-corpus/12_cl_st1_claudia_vem/examples/f1_neg
/f1_neg_009.tex)
(/home/eyamrog/PycharmProjects/vem-corpus/12_cl_st1_claudia_vem/examples/f1_neg
/f1_neg_010.tex [84])
(/home/eyamrog/PycharmProjects/vem-corpus/12_cl_st1_claudia_vem/examples/f1_neg
/f1_neg_011.tex)
(/home/eyamrog/PycharmProjects/vem-corpus/12_cl_st1_claudia_vem/examples/f1_neg
/f1_neg_012.tex
Overfull \hbox (32.30501pt too wide) in paragraph at lines 1--13
\TU/DejaVuSerif(0)/m/n/10 v.br/em-evento-organizado-pela-inacap-chile-com-a-equi
pe-dos-pcis-alunos-de-fatecs-
 []

[85])
(/home/eyamrog/PycharmProjects/vem-corpus/12_cl_st1_claudia_vem/examples/f1_neg
/f1_neg_013.tex)
(/home/eyamrog/PycharmProjects/vem-corpus/12_cl_st1_claudia_vem/examples/f1_neg
/f1_neg_014.tex [86])
(/home/eyamrog/PycharmProjects/vem-corpus/12_cl_st1_claudia_vem/examples/f1_neg
/f1_neg_015.tex [87])
(/home/eyamrog/PycharmProjects/vem-corpus/12_cl_st1_claudia_vem/examples/f1_neg
/f1_neg_016.tex [88])
(/home/eyamrog/PycharmProjects/vem-corpus/12_cl_st1_claudia_vem/examples/f1_neg
/f1_neg_017.tex)
(/home/eyamrog/PycharmProjects/vem-corpus/12_cl_st1_claudia_vem/examples/f1_neg
/f1_neg_018.tex
Overfull \hbox (18.44965pt too wide) in paragraph at lines 1--13
[]  \TU/DejaVuSerif(0)/m/n/10 ALUNOS AVALIAM PCIs: PESQUISA 1º SEMESTRE DE 2022
 No primeiro semestre
 []


Overfull \hbox (0.17317pt too wide) in paragraph at lines 1--13
\TU/DejaVuSerif(0)/m/n/10 de 2022, 1.683 es-tu-dantes foram aten-di-dos em 70 PC
Is re-al-iza-dos em 33 Fatecs.
 []

)
(/home/eyamrog/PycharmProjects/vem-corpus/12_cl_st1_claudia_vem/examples/f1_neg
/f1_neg_019.tex [89])
(/home/eyamrog/PycharmProjects/vem-corpus/12_cl_st1_claudia_vem/examples/f1_neg
/f1_neg_020.tex [90])
(/home/eyamrog/PycharmProjects/vem-corpus/12_cl_st1_claudia_vem/examples/f1_neg
/f1_neg_021.tex)
(/home/eyamrog/PycharmProjects/vem-corpus/12_cl_st1_claudia_vem/examples/f1_neg
/f1_neg_022.tex [91])
(/home/eyamrog/PycharmProjects/vem-corpus/12_cl_st1_claudia_vem/examples/f1_neg
/f1_neg_023.tex [92])
(/home/eyamrog/PycharmProjects/vem-corpus/12_cl_st1_claudia_vem/examples/f1_neg
/f1_neg_024.tex)
(/home/eyamrog/PycharmProjects/vem-corpus/12_cl_st1_claudia_vem/examples/f1_neg
/f1_neg_025.tex)
(/home/eyamrog/PycharmProjects/vem-corpus/12_cl_st1_claudia_vem/examples/f1_neg
/f1_neg_026.tex [93])
(/home/eyamrog/PycharmProjects/vem-corpus/12_cl_st1_claudia_vem/examples/f1_neg
/f1_neg_027.tex [94])
(/home/eyamrog/PycharmProjects/vem-corpus/12_cl_st1_claudia_vem/examples/f1_neg
/f1_neg_028.tex [95])
(/home/eyamrog/PycharmProjects/vem-corpus/12_cl_st1_claudia_vem/examples/f1_neg
/f1_neg_029.tex [96])
(/home/eyamrog/PycharmProjects/vem-corpus/12_cl_st1_claudia_vem/examples/f1_neg
/f1_neg_030.tex [97])
(/home/eyamrog/PycharmProjects/vem-corpus/12_cl_st1_claudia_vem/examples/f1_neg
/f1_neg_031.tex [98])
(/home/eyamrog/PycharmProjects/vem-corpus/12_cl_st1_claudia_vem/examples/f1_neg
/f1_neg_032.tex [99])
(/home/eyamrog/PycharmProjects/vem-corpus/12_cl_st1_claudia_vem/examples/f1_neg
/f1_neg_033.tex [100])
(/home/eyamrog/PycharmProjects/vem-corpus/12_cl_st1_claudia_vem/examples/f1_neg
/f1_neg_034.tex [101])
(/home/eyamrog/PycharmProjects/vem-corpus/12_cl_st1_claudia_vem/examples/f1_neg
/f1_neg_035.tex [102] [103])
(/home/eyamrog/PycharmProjects/vem-corpus/12_cl_st1_claudia_vem/examples/f1_neg
/f1_neg_036.tex [104])
(/home/eyamrog/PycharmProjects/vem-corpus/12_cl_st1_claudia_vem/examples/f1_neg
/f1_neg_037.tex)
(/home/eyamrog/PycharmProjects/vem-corpus/12_cl_st1_claudia_vem/examples/f1_neg
/f1_neg_038.tex [105])
(/home/eyamrog/PycharmProjects/vem-corpus/12_cl_st1_claudia_vem/examples/f1_neg
/f1_neg_039.tex [106])
(/home/eyamrog/PycharmProjects/vem-corpus/12_cl_st1_claudia_vem/examples/f1_neg
/f1_neg_040.tex
Overfull \hbox (39.1092pt too wide) in paragraph at lines 1--11
\TU/DejaVuSerif(0)/m/n/10 primeira dé-cada de PCIs: https://cesu.cps.sp.gov.br/
wp-content/up-loads/2023/05/VEm-
 []

)
(/home/eyamrog/PycharmProjects/vem-corpus/12_cl_st1_claudia_vem/examples/f1_neg
/f1_neg_041.tex [107])
(/home/eyamrog/PycharmProjects/vem-corpus/12_cl_st1_claudia_vem/examples/f1_neg
/f1_neg_042.tex)
(/home/eyamrog/PycharmProjects/vem-corpus/12_cl_st1_claudia_vem/examples/f1_neg
/f1_neg_043.tex
Overfull \hbox (13.89853pt too wide) in paragraph at lines 1--104
\TU/DejaVuSerif(0)/m/n/10 On-line na De-Paul Uni-ver-sity (EUA) EVEN-TOS IN-TER-
NA-CIONAIS de-batem gestão
 []


Overfull \hbox (1.57536pt too wide) in paragraph at lines 1--104
\TU/DejaVuSerif(0)/m/n/10 de pro-je-tos COIL (Col-lab-o-ra-tive On-line In-ter-n
a-tional Learn-ing) FATEC FRANCO
 []


Overfull \hbox (12.23267pt too wide) in paragraph at lines 1--104
\TU/DejaVuSerif(0)/m/n/10 gera-live-para-angariar-doacoes-para-criancas-e-jovens
-da-ucrania/ A seguir, con-
 []

[108] [109] [110] [111] [112])
(/home/eyamrog/PycharmProjects/vem-corpus/12_cl_st1_claudia_vem/examples/f1_neg
/f1_neg_044.tex [113])
(/home/eyamrog/PycharmProjects/vem-corpus/12_cl_st1_claudia_vem/examples/f1_neg
/f1_neg_045.tex [114])
(/home/eyamrog/PycharmProjects/vem-corpus/12_cl_st1_claudia_vem/examples/f1_neg
/f1_neg_046.tex
Overfull \hbox (82.05925pt too wide) in paragraph at lines 1--16
\TU/DejaVuSerif(0)/m/n/10 coescesu.cps.sp.gov.br/VEm/about/sub-mis-sions Dúvi-d
as? Es-creva para cesu.pci@cps.sp.gov.br.
 []

)
(/home/eyamrog/PycharmProjects/vem-corpus/12_cl_st1_claudia_vem/examples/f1_neg
/f1_neg_047.tex [115] [116] [117])
(/home/eyamrog/PycharmProjects/vem-corpus/12_cl_st1_claudia_vem/examples/f1_neg
/f1_neg_048.tex [118])
(/home/eyamrog/PycharmProjects/vem-corpus/12_cl_st1_claudia_vem/examples/f1_neg
/f1_neg_049.tex [119])
(/home/eyamrog/PycharmProjects/vem-corpus/12_cl_st1_claudia_vem/examples/f1_neg
/f1_neg_050.tex [120] [121] [122])
(/home/eyamrog/PycharmProjects/vem-corpus/12_cl_st1_claudia_vem/examples/f1_neg
/f1_neg_051.tex)
(/home/eyamrog/PycharmProjects/vem-corpus/12_cl_st1_claudia_vem/examples/f1_neg
/f1_neg_052.tex)
(/home/eyamrog/PycharmProjects/vem-corpus/12_cl_st1_claudia_vem/examples/f1_neg
/f1_neg_053.tex [123])
(/home/eyamrog/PycharmProjects/vem-corpus/12_cl_st1_claudia_vem/examples/f1_neg
/f1_neg_054.tex
Overfull \hbox (0.7718pt too wide) in paragraph at lines 1--8
[]  \TU/DejaVuSerif(0)/m/n/10 Ofic-i-nas De-safios do treina-mento e sus-tentabi
l-i-dade dos pro-je-tos Re-giane Souza
 []

[124])
(/home/eyamrog/PycharmProjects/vem-corpus/12_cl_st1_claudia_vem/examples/f1_neg
/f1_neg_055.tex)
(/home/eyamrog/PycharmProjects/vem-corpus/12_cl_st1_claudia_vem/examples/f1_neg
/f1_neg_056.tex)
(/home/eyamrog/PycharmProjects/vem-corpus/12_cl_st1_claudia_vem/examples/f1_neg
/f1_neg_057.tex [125]
Overfull \hbox (5.71321pt too wide) in paragraph at lines 1--12
\TU/DejaVuSerif(0)/m/n/10 in-clui doutorado em Ad-min-is-tração e Su-per-vis
ão Ed-u-ca-cional pela FIU, mestrado
 []

)
(/home/eyamrog/PycharmProjects/vem-corpus/12_cl_st1_claudia_vem/examples/f1_neg
/f1_neg_058.tex [126])
(/home/eyamrog/PycharmProjects/vem-corpus/12_cl_st1_claudia_vem/examples/f1_neg
/f1_neg_059.tex
Overfull \hbox (17.28255pt too wide) in paragraph at lines 1--15
\TU/DejaVuSerif(0)/m/n/10 e 325 palestrantes de 30 difer-entes países, a con-fe
r-ên-cia mesclou sessões gravadas
 []

)
(/home/eyamrog/PycharmProjects/vem-corpus/12_cl_st1_claudia_vem/examples/f1_neg
/f1_neg_060.tex [127])
(/home/eyamrog/PycharmProjects/vem-corpus/12_cl_st1_claudia_vem/examples/f1_neg
/f1_neg_061.tex [128])
(/home/eyamrog/PycharmProjects/vem-corpus/12_cl_st1_claudia_vem/examples/f1_neg
/f1_neg_062.tex
Overfull \hbox (75.87167pt too wide) in paragraph at lines 1--12
\TU/DejaVuSerif(0)/m/n/10 148 par-tic-i-pantes. A sín-tese das ap-re-sen-taç
ões está em VEm 15 (https://cesu.cps.sp.gov.br/wp-
 []


Overfull \hbox (1.2688pt too wide) in paragraph at lines 1--12
\TU/DejaVuSerif(0)/m/n/10 de PCIs / Cesu en-ten-deu que o IVES Cesu 2023 de-v-e-
ria ser re-al-izado no primeiro
 []

)
(/home/eyamrog/PycharmProjects/vem-corpus/12_cl_st1_claudia_vem/examples/f1_neg
/f1_neg_063.tex [129])
(/home/eyamrog/PycharmProjects/vem-corpus/12_cl_st1_claudia_vem/examples/f1_neg
/f1_neg_064.tex [130])
(/home/eyamrog/PycharmProjects/vem-corpus/12_cl_st1_claudia_vem/examples/f1_neg
/f1_neg_065.tex)
(/home/eyamrog/PycharmProjects/vem-corpus/12_cl_st1_claudia_vem/examples/f1_neg
/f1_neg_066.tex [131])
(/home/eyamrog/PycharmProjects/vem-corpus/12_cl_st1_claudia_vem/examples/f1_neg
/f1_neg_067.tex
Overfull \hbox (32.6246pt too wide) in paragraph at lines 1--15
\TU/DejaVuSerif(0)/m/n/10 Sul. A gravação do we-binário encontra-se em https:
//www.youtube.com/watch?v=acs-
 []

)
(/home/eyamrog/PycharmProjects/vem-corpus/12_cl_st1_claudia_vem/examples/f1_neg
/f1_neg_068.tex [132])
(/home/eyamrog/PycharmProjects/vem-corpus/12_cl_st1_claudia_vem/examples/f1_neg
/f1_neg_069.tex)
(/home/eyamrog/PycharmProjects/vem-corpus/12_cl_st1_claudia_vem/examples/f1_neg
/f1_neg_070.tex [133])
(/home/eyamrog/PycharmProjects/vem-corpus/12_cl_st1_claudia_vem/examples/f1_neg
/f1_neg_071.tex)
(/home/eyamrog/PycharmProjects/vem-corpus/12_cl_st1_claudia_vem/examples/f1_neg
/f1_neg_072.tex [134])
(/home/eyamrog/PycharmProjects/vem-corpus/12_cl_st1_claudia_vem/examples/f1_neg
/f1_neg_073.tex)
(/home/eyamrog/PycharmProjects/vem-corpus/12_cl_st1_claudia_vem/examples/f1_neg
/f1_neg_074.tex
Overfull \hbox (71.15266pt too wide) in paragraph at lines 1--9
\TU/DejaVuSerif(0)/m/n/10 ca-cionf-py-de-portes.gob.es/brasil/dam/jcr:21177019-2
de7-4a5a-99c2-3fcd4feaabf3/programa-
 []


Overfull \hbox (5.99153pt too wide) in paragraph at lines 1--9
\TU/DejaVuSerif(0)/m/n/10 xxxi-seminario-definitivo--2-.pdf Re-giane e Maria Aux
-il-i-adora ap-re-sen-taram pres-
 []


Overfull \hbox (8.29028pt too wide) in paragraph at lines 1--9
\TU/DejaVuSerif(0)/m/n/10 PCI en-vol-vendo es-tu-dantes do curso de Gestão Com-
er-cial da Fatec Guaratinguetá
 []


Overfull \hbox (33.56477pt too wide) in paragraph at lines 1--9
\TU/DejaVuSerif(0)/m/n/10 https://www.cps.sp.gov.br/cps-e-segundo-maior-do-mundo
-em-projetos-colaborativos-
 []


Overfull \hbox (40.94514pt too wide) in paragraph at lines 1--9
\TU/DejaVuSerif(0)/m/n/10 Unimin-uto: https://cesu.cps.sp.gov.br/projetos-colabo
rativos-internacionais-webinario-
 []


Overfull \hbox (3.74788pt too wide) in paragraph at lines 1--9
\TU/DejaVuSerif(0)/m/n/10 e Mônica: https://pub-li-ca-coescesu.cps.sp.gov.br/VE
m/ar-ti-cle/view/265/204 Para
 []

[135])
(/home/eyamrog/PycharmProjects/vem-corpus/12_cl_st1_claudia_vem/examples/f1_neg
/f1_neg_075.tex [136] [137])
(/home/eyamrog/PycharmProjects/vem-corpus/12_cl_st1_claudia_vem/examples/f1_neg
/f1_neg_076.tex [138])
(/home/eyamrog/PycharmProjects/vem-corpus/12_cl_st1_claudia_vem/examples/f1_neg
/f1_neg_077.tex)
(/home/eyamrog/PycharmProjects/vem-corpus/12_cl_st1_claudia_vem/examples/f1_neg
/f1_neg_078.tex [139])
(/home/eyamrog/PycharmProjects/vem-corpus/12_cl_st1_claudia_vem/examples/f1_neg
/f1_neg_079.tex)
(/home/eyamrog/PycharmProjects/vem-corpus/12_cl_st1_claudia_vem/examples/f1_neg
/f1_neg_080.tex [140])
(/home/eyamrog/PycharmProjects/vem-corpus/12_cl_st1_claudia_vem/examples/f1_neg
/f1_neg_081.tex [141])
(/home/eyamrog/PycharmProjects/vem-corpus/12_cl_st1_claudia_vem/examples/f1_neg
/f1_neg_082.tex [142])
(/home/eyamrog/PycharmProjects/vem-corpus/12_cl_st1_claudia_vem/examples/f1_neg
/f1_neg_083.tex [143] [144])
(/home/eyamrog/PycharmProjects/vem-corpus/12_cl_st1_claudia_vem/examples/f1_neg
/f1_neg_084.tex
Overfull \hbox (8.5013pt too wide) in paragraph at lines 1--13
\TU/DejaVuSerif(0)/m/n/10 bookLM”foi re-al-izada com base em um con-junto de 
edições do in-for-ma-tivo”VEm”.
 []


Overfull \hbox (7.41927pt too wide) in paragraph at lines 1--13
\TU/DejaVuSerif(0)/m/n/10 de ha-bil-i-dades transver-sais, au-men-tar a em-pre-g
a-bil-i-dade dos grad-u-a-dos e apoiar
 []

[145])
(/home/eyamrog/PycharmProjects/vem-corpus/12_cl_st1_claudia_vem/examples/f1_neg
/f1_neg_085.tex
Overfull \hbox (11.64778pt too wide) in paragraph at lines 1--14
\TU/DejaVuSerif(0)/m/n/10 Re-giane Ca-margo, re-spon-sável pe-los Pro-je-tos Co
-lab-o-ra-tivos In-ter-na-cionais (PCIs)
 []

[146])
(/home/eyamrog/PycharmProjects/vem-corpus/12_cl_st1_claudia_vem/examples/f1_neg
/f1_neg_086.tex [147])
(/home/eyamrog/PycharmProjects/vem-corpus/12_cl_st1_claudia_vem/examples/f1_neg
/f1_neg_087.tex
Overfull \hbox (9.77327pt too wide) in paragraph at lines 1--10
\TU/DejaVuSerif(0)/m/n/10 Apren-diza-gem Co-lab-o-ra-tiva In-ter-na-cional On-li
ne): Sen-si-bil-i-dade lóg-ica humano-
 []


Overfull \hbox (8.88216pt too wide) in paragraph at lines 1--10
\TU/DejaVuSerif(0)/m/n/10 tual Apren-diza-gem e de-sapren-diza-gem adap-ta-ti-va
s Pen-sa-mento sistêmico Gestão
 []

[148])
(/home/eyamrog/PycharmProjects/vem-corpus/12_cl_st1_claudia_vem/examples/f1_neg
/f1_neg_088.tex [149])
(/home/eyamrog/PycharmProjects/vem-corpus/12_cl_st1_claudia_vem/examples/f1_neg
/f1_neg_089.tex [150])
(/home/eyamrog/PycharmProjects/vem-corpus/12_cl_st1_claudia_vem/examples/f1_neg
/f1_neg_090.tex [151] [152])
(/home/eyamrog/PycharmProjects/vem-corpus/12_cl_st1_claudia_vem/examples/f1_neg
/f1_neg_091.tex
Overfull \hbox (0.21028pt too wide) in paragraph at lines 1--60
\TU/DejaVuSerif(0)/m/n/10 https://pub-li-ca-coescesu.cps.sp.gov.br/VEm/ar-ti-cle
/view/283/219 con-tin-u-ação O
 []

[153] [154] [155])
(/home/eyamrog/PycharmProjects/vem-corpus/12_cl_st1_claudia_vem/examples/f2_pos
/f2_pos_001.tex [156] [157])
(/home/eyamrog/PycharmProjects/vem-corpus/12_cl_st1_claudia_vem/examples/f2_pos
/f2_pos_002.tex [158])
(/home/eyamrog/PycharmProjects/vem-corpus/12_cl_st1_claudia_vem/examples/f2_pos
/f2_pos_003.tex)
(/home/eyamrog/PycharmProjects/vem-corpus/12_cl_st1_claudia_vem/examples/f2_pos
/f2_pos_004.tex [159] [160] [161])
(/home/eyamrog/PycharmProjects/vem-corpus/12_cl_st1_claudia_vem/examples/f2_pos
/f2_pos_005.tex [162] [163])
(/home/eyamrog/PycharmProjects/vem-corpus/12_cl_st1_claudia_vem/examples/f2_pos
/f2_pos_006.tex [164])
(/home/eyamrog/PycharmProjects/vem-corpus/12_cl_st1_claudia_vem/examples/f2_pos
/f2_pos_007.tex [165] [166])
(/home/eyamrog/PycharmProjects/vem-corpus/12_cl_st1_claudia_vem/examples/f2_pos
/f2_pos_008.tex)
(/home/eyamrog/PycharmProjects/vem-corpus/12_cl_st1_claudia_vem/examples/f2_pos
/f2_pos_009.tex [167])
(/home/eyamrog/PycharmProjects/vem-corpus/12_cl_st1_claudia_vem/examples/f2_pos
/f2_pos_010.tex [168] [169])
(/home/eyamrog/PycharmProjects/vem-corpus/12_cl_st1_claudia_vem/examples/f2_pos
/f2_pos_011.tex
Overfull \hbox (8.5013pt too wide) in paragraph at lines 1--13
\TU/DejaVuSerif(0)/m/n/10 bookLM”foi re-al-izada com base em um con-junto de 
edições do in-for-ma-tivo”VEm”.
 []


Overfull \hbox (7.41927pt too wide) in paragraph at lines 1--13
\TU/DejaVuSerif(0)/m/n/10 de ha-bil-i-dades transver-sais, au-men-tar a em-pre-g
a-bil-i-dade dos grad-u-a-dos e apoiar
 []

[170])
(/home/eyamrog/PycharmProjects/vem-corpus/12_cl_st1_claudia_vem/examples/f2_pos
/f2_pos_012.tex
Overfull \hbox (1.97298pt too wide) in paragraph at lines 1--39
\TU/DejaVuSerif(0)/m/n/10 cas ed-u-ca-cionais me-di-adas pelas tec-nolo-gias con
-tribuam para de-sen-volver com-
 []

[171] [172])
(/home/eyamrog/PycharmProjects/vem-corpus/12_cl_st1_claudia_vem/examples/f2_pos
/f2_pos_013.tex
Overfull \hbox (15.16261pt too wide) in paragraph at lines 1--31
\TU/DejaVuSerif(0)/m/n/10 Rout-ledge, 2022. Disponível em: https://doi.org/10.4
324/9781003447832. Acesso
 []

[173])
(/home/eyamrog/PycharmProjects/vem-corpus/12_cl_st1_claudia_vem/examples/f2_pos
/f2_pos_014.tex [174] [175])
(/home/eyamrog/PycharmProjects/vem-corpus/12_cl_st1_claudia_vem/examples/f2_pos
/f2_pos_015.tex
Overfull \hbox (30.30696pt too wide) in paragraph at lines 1--12
\TU/DejaVuSerif(0)/m/n/10 seus es-tu-dantes, es-tão tra-bal-hando as Fatecs das
 cidades de Cruzeiro, Guaratinguetá,
 []


Overfull \hbox (2.57063pt too wide) in paragraph at lines 1--12
\TU/DejaVuSerif(0)/m/n/10 Os pro-fes-sores Rosinei Batista Ribeiro, Ana Raquel 
Elisa Satim Ro-drigues (Fatec
 []

[176])
(/home/eyamrog/PycharmProjects/vem-corpus/12_cl_st1_claudia_vem/examples/f2_pos
/f2_pos_016.tex
Overfull \hbox (1.62825pt too wide) in paragraph at lines 1--14
\TU/DejaVuSerif(0)/m/n/10 valdo Succi Ju-nior, co-or-de-nador dos Pro-je-tos Co-
lab-o-ra-tivos In-ter-na-cionais (PCIs
 []


Overfull \hbox (5.51335pt too wide) in paragraph at lines 1--14
\TU/DejaVuSerif(0)/m/n/10 acadêmica. Em 25 de abril, ap-re-sen-tou tra-balho na
 Con-fer-ên-cia 2022 da FAUBAI
 []

[177])
(/home/eyamrog/PycharmProjects/vem-corpus/12_cl_st1_claudia_vem/examples/f2_pos
/f2_pos_017.tex [178])
(/home/eyamrog/PycharmProjects/vem-corpus/12_cl_st1_claudia_vem/examples/f2_pos
/f2_pos_018.tex)
(/home/eyamrog/PycharmProjects/vem-corpus/12_cl_st1_claudia_vem/examples/f2_pos
/f2_pos_019.tex
Overfull \hbox (15.7347pt too wide) in paragraph at lines 1--20
\TU/DejaVuSerif(0)/m/n/10 Cesu) de-sen-volvido com mais seis pro-fes-sores de In
-glês, das Fatecs Guaratinguetá,
 []

[179])
(/home/eyamrog/PycharmProjects/vem-corpus/12_cl_st1_claudia_vem/examples/f2_pos
/f2_pos_020.tex [180])
(/home/eyamrog/PycharmProjects/vem-corpus/12_cl_st1_claudia_vem/examples/f2_pos
/f2_pos_021.tex
Overfull \hbox (13.89853pt too wide) in paragraph at lines 1--104
\TU/DejaVuSerif(0)/m/n/10 On-line na De-Paul Uni-ver-sity (EUA) EVEN-TOS IN-TER-
NA-CIONAIS de-batem gestão
 []


Overfull \hbox (1.57536pt too wide) in paragraph at lines 1--104
\TU/DejaVuSerif(0)/m/n/10 de pro-je-tos COIL (Col-lab-o-ra-tive On-line In-ter-n
a-tional Learn-ing) FATEC FRANCO
 []


Overfull \hbox (12.23267pt too wide) in paragraph at lines 1--104
\TU/DejaVuSerif(0)/m/n/10 gera-live-para-angariar-doacoes-para-criancas-e-jovens
-da-ucrania/ A seguir, con-
 []

[181] [182] [183] [184])
(/home/eyamrog/PycharmProjects/vem-corpus/12_cl_st1_claudia_vem/examples/f2_pos
/f2_pos_022.tex
Overfull \hbox (39.1092pt too wide) in paragraph at lines 1--11
\TU/DejaVuSerif(0)/m/n/10 primeira dé-cada de PCIs: https://cesu.cps.sp.gov.br/
wp-content/up-loads/2023/05/VEm-
 []

[185])
(/home/eyamrog/PycharmProjects/vem-corpus/12_cl_st1_claudia_vem/examples/f2_pos
/f2_pos_023.tex)
(/home/eyamrog/PycharmProjects/vem-corpus/12_cl_st1_claudia_vem/examples/f2_pos
/f2_pos_024.tex [186])
(/home/eyamrog/PycharmProjects/vem-corpus/12_cl_st1_claudia_vem/examples/f2_pos
/f2_pos_025.tex)
(/home/eyamrog/PycharmProjects/vem-corpus/12_cl_st1_claudia_vem/examples/f2_pos
/f2_pos_026.tex [187])
(/home/eyamrog/PycharmProjects/vem-corpus/12_cl_st1_claudia_vem/examples/f2_pos
/f2_pos_027.tex [188])
(/home/eyamrog/PycharmProjects/vem-corpus/12_cl_st1_claudia_vem/examples/f2_pos
/f2_pos_028.tex [189])
(/home/eyamrog/PycharmProjects/vem-corpus/12_cl_st1_claudia_vem/examples/f2_pos
/f2_pos_029.tex [190])
(/home/eyamrog/PycharmProjects/vem-corpus/12_cl_st1_claudia_vem/examples/f2_pos
/f2_pos_030.tex)
(/home/eyamrog/PycharmProjects/vem-corpus/12_cl_st1_claudia_vem/examples/f2_pos
/f2_pos_031.tex [191])
(/home/eyamrog/PycharmProjects/vem-corpus/12_cl_st1_claudia_vem/examples/f2_pos
/f2_pos_032.tex [192] [193])
(/home/eyamrog/PycharmProjects/vem-corpus/12_cl_st1_claudia_vem/examples/f2_pos
/f2_pos_033.tex [194])
(/home/eyamrog/PycharmProjects/vem-corpus/12_cl_st1_claudia_vem/examples/f2_pos
/f2_pos_034.tex
Overfull \hbox (1.62825pt too wide) in paragraph at lines 1--18
\TU/DejaVuSerif(0)/m/n/10 valdo Succi Ju-nior, co-or-de-nador dos Pro-je-tos Co-
lab-o-ra-tivos In-ter-na-cionais (PCIs
 []

[195])
(/home/eyamrog/PycharmProjects/vem-corpus/12_cl_st1_claudia_vem/examples/f2_pos
/f2_pos_035.tex [196])
(/home/eyamrog/PycharmProjects/vem-corpus/12_cl_st1_claudia_vem/examples/f2_pos
/f2_pos_036.tex)
(/home/eyamrog/PycharmProjects/vem-corpus/12_cl_st1_claudia_vem/examples/f2_pos
/f2_pos_037.tex [197])
(/home/eyamrog/PycharmProjects/vem-corpus/12_cl_st1_claudia_vem/examples/f2_pos
/f2_pos_038.tex [198])
(/home/eyamrog/PycharmProjects/vem-corpus/12_cl_st1_claudia_vem/examples/f2_pos
/f2_pos_039.tex)
(/home/eyamrog/PycharmProjects/vem-corpus/12_cl_st1_claudia_vem/examples/f2_pos
/f2_pos_040.tex
Overfull \hbox (4.06673pt too wide) in paragraph at lines 1--25
\TU/DejaVuSerif(0)/m/n/10 zana com-pôs, junto com Veron-ica Quandt, da Hochschu
le Heil-bronn (Ale-manha),
 []

[199])
(/home/eyamrog/PycharmProjects/vem-corpus/12_cl_st1_claudia_vem/examples/f2_pos
/f2_pos_041.tex [200])
(/home/eyamrog/PycharmProjects/vem-corpus/12_cl_st1_claudia_vem/examples/f2_pos
/f2_pos_042.tex [201])
(/home/eyamrog/PycharmProjects/vem-corpus/12_cl_st1_claudia_vem/examples/f2_pos
/f2_pos_043.tex)
(/home/eyamrog/PycharmProjects/vem-corpus/12_cl_st1_claudia_vem/examples/f2_pos
/f2_pos_044.tex [202])
(/home/eyamrog/PycharmProjects/vem-corpus/12_cl_st1_claudia_vem/examples/f2_pos
/f2_pos_045.tex [203])
(/home/eyamrog/PycharmProjects/vem-corpus/12_cl_st1_claudia_vem/examples/f2_pos
/f2_pos_046.tex [204])
(/home/eyamrog/PycharmProjects/vem-corpus/12_cl_st1_claudia_vem/examples/f2_pos
/f2_pos_047.tex
Overfull \hbox (75.87167pt too wide) in paragraph at lines 1--12
\TU/DejaVuSerif(0)/m/n/10 148 par-tic-i-pantes. A sín-tese das ap-re-sen-taç
ões está em VEm 15 (https://cesu.cps.sp.gov.br/wp-
 []


Overfull \hbox (1.2688pt too wide) in paragraph at lines 1--12
\TU/DejaVuSerif(0)/m/n/10 de PCIs / Cesu en-ten-deu que o IVES Cesu 2023 de-v-e-
ria ser re-al-izado no primeiro
 []

)
(/home/eyamrog/PycharmProjects/vem-corpus/12_cl_st1_claudia_vem/examples/f2_pos
/f2_pos_048.tex [205])
(/home/eyamrog/PycharmProjects/vem-corpus/12_cl_st1_claudia_vem/examples/f2_pos
/f2_pos_049.tex)
(/home/eyamrog/PycharmProjects/vem-corpus/12_cl_st1_claudia_vem/examples/f2_pos
/f2_pos_050.tex [206])
(/home/eyamrog/PycharmProjects/vem-corpus/12_cl_st1_claudia_vem/examples/f2_pos
/f2_pos_051.tex [207] [208])
(/home/eyamrog/PycharmProjects/vem-corpus/12_cl_st1_claudia_vem/examples/f2_pos
/f2_pos_052.tex)
(/home/eyamrog/PycharmProjects/vem-corpus/12_cl_st1_claudia_vem/examples/f2_pos
/f2_pos_053.tex
Overfull \hbox (1.4904pt too wide) in paragraph at lines 1--29
\TU/DejaVuSerif(0)/m/n/10 uma-atividade-significativa-de-pesquisa/ Acesso em: 12
 set. 24 DODGE, Bernie.
 []


Overfull \hbox (52.26839pt too wide) in paragraph at lines 1--29
\TU/DejaVuSerif(0)/m/n/10 em: https://www.dm.uf-s-car.br/ jpi-ton/down-loads/ar-
tigo_we-bquest_orig-i-nal_1996_ptbr.pdf
 []

[209] [210])
(/home/eyamrog/PycharmProjects/vem-corpus/12_cl_st1_claudia_vem/examples/f2_pos
/f2_pos_054.tex)
(/home/eyamrog/PycharmProjects/vem-corpus/12_cl_st1_claudia_vem/examples/f2_pos
/f2_pos_055.tex [211])
(/home/eyamrog/PycharmProjects/vem-corpus/12_cl_st1_claudia_vem/examples/f2_pos
/f2_pos_056.tex [212])
(/home/eyamrog/PycharmProjects/vem-corpus/12_cl_st1_claudia_vem/examples/f2_pos
/f2_pos_057.tex [213])
(/home/eyamrog/PycharmProjects/vem-corpus/12_cl_st1_claudia_vem/examples/f2_pos
/f2_pos_058.tex)
(/home/eyamrog/PycharmProjects/vem-corpus/12_cl_st1_claudia_vem/examples/f2_pos
/f2_pos_059.tex
Overfull \hbox (17.28255pt too wide) in paragraph at lines 1--15
\TU/DejaVuSerif(0)/m/n/10 e 325 palestrantes de 30 difer-entes países, a con-fe
r-ên-cia mesclou sessões gravadas
 []

[214])
(/home/eyamrog/PycharmProjects/vem-corpus/12_cl_st1_claudia_vem/examples/f2_pos
/f2_pos_060.tex [215])
(/home/eyamrog/PycharmProjects/vem-corpus/12_cl_st1_claudia_vem/examples/f2_pos
/f2_pos_061.tex
Overfull \hbox (11.64778pt too wide) in paragraph at lines 1--14
\TU/DejaVuSerif(0)/m/n/10 Re-giane Ca-margo, re-spon-sável pe-los Pro-je-tos Co
-lab-o-ra-tivos In-ter-na-cionais (PCIs)
 []

[216])
(/home/eyamrog/PycharmProjects/vem-corpus/12_cl_st1_claudia_vem/examples/f2_pos
/f2_pos_062.tex)
(/home/eyamrog/PycharmProjects/vem-corpus/12_cl_st1_claudia_vem/examples/f2_pos
/f2_pos_063.tex
Overfull \hbox (9.77327pt too wide) in paragraph at lines 1--10
\TU/DejaVuSerif(0)/m/n/10 Apren-diza-gem Co-lab-o-ra-tiva In-ter-na-cional On-li
ne): Sen-si-bil-i-dade lóg-ica humano-
 []


Overfull \hbox (8.88216pt too wide) in paragraph at lines 1--10
\TU/DejaVuSerif(0)/m/n/10 tual Apren-diza-gem e de-sapren-diza-gem adap-ta-ti-va
s Pen-sa-mento sistêmico Gestão
 []

[217])
(/home/eyamrog/PycharmProjects/vem-corpus/12_cl_st1_claudia_vem/examples/f2_pos
/f2_pos_064.tex [218])
(/home/eyamrog/PycharmProjects/vem-corpus/12_cl_st1_claudia_vem/examples/f2_pos
/f2_pos_065.tex [219])
(/home/eyamrog/PycharmProjects/vem-corpus/12_cl_st1_claudia_vem/examples/f2_pos
/f2_pos_066.tex [220])
(/home/eyamrog/PycharmProjects/vem-corpus/12_cl_st1_claudia_vem/examples/f2_pos
/f2_pos_067.tex)
(/home/eyamrog/PycharmProjects/vem-corpus/12_cl_st1_claudia_vem/examples/f2_pos
/f2_pos_068.tex [221])
(/home/eyamrog/PycharmProjects/vem-corpus/12_cl_st1_claudia_vem/examples/f2_pos
/f2_pos_069.tex [222])
(/home/eyamrog/PycharmProjects/vem-corpus/12_cl_st1_claudia_vem/examples/f2_neg
/f2_neg_001.tex)
(/home/eyamrog/PycharmProjects/vem-corpus/12_cl_st1_claudia_vem/examples/f2_neg
/f2_neg_002.tex
Overfull \hbox (8.8103pt too wide) in paragraph at lines 1--10
[]  \TU/DejaVuSerif(0)/m/n/10 In-ter-na-cional-iza-ção e In-ter-câm-bios Vir-
tu-ais: tendên-cias A \TU/DejaVuSerif(0)/b/n/10 mesa re-donda\TU/DejaVuSerif(0
)/m/n/10 ”Novas
 []

[223])
(/home/eyamrog/PycharmProjects/vem-corpus/12_cl_st1_claudia_vem/examples/f2_neg
/f2_neg_003.tex [224])
(/home/eyamrog/PycharmProjects/vem-corpus/12_cl_st1_claudia_vem/examples/f2_neg
/f2_neg_004.tex)
(/home/eyamrog/PycharmProjects/vem-corpus/12_cl_st1_claudia_vem/examples/f2_neg
/f2_neg_005.tex [225] [226])
(/home/eyamrog/PycharmProjects/vem-corpus/12_cl_st1_claudia_vem/examples/f2_neg
/f2_neg_006.tex)
(/home/eyamrog/PycharmProjects/vem-corpus/12_cl_st1_claudia_vem/examples/f2_neg
/f2_neg_007.tex
Overfull \hbox (9.77327pt too wide) in paragraph at lines 1--10
\TU/DejaVuSerif(0)/m/n/10 Apren-diza-gem Co-lab-o-ra-tiva In-ter-na-cional On-li
ne): Sen-si-bil-i-dade lóg-ica humano-
 []


Overfull \hbox (8.88216pt too wide) in paragraph at lines 1--10
\TU/DejaVuSerif(0)/m/n/10 tual Apren-diza-gem e de-sapren-diza-gem adap-ta-ti-va
s Pen-sa-mento sistêmico Gestão
 []

[227])
(/home/eyamrog/PycharmProjects/vem-corpus/12_cl_st1_claudia_vem/examples/f2_neg
/f2_neg_008.tex
Overfull \hbox (11.64778pt too wide) in paragraph at lines 1--14
\TU/DejaVuSerif(0)/m/n/10 Re-giane Ca-margo, re-spon-sável pe-los Pro-je-tos Co
-lab-o-ra-tivos In-ter-na-cionais (PCIs)
 []

[228])
(/home/eyamrog/PycharmProjects/vem-corpus/12_cl_st1_claudia_vem/examples/f2_neg
/f2_neg_009.tex)
(/home/eyamrog/PycharmProjects/vem-corpus/12_cl_st1_claudia_vem/examples/f2_neg
/f2_neg_010.tex [229] [230])
(/home/eyamrog/PycharmProjects/vem-corpus/12_cl_st1_claudia_vem/examples/f2_neg
/f2_neg_011.tex)
(/home/eyamrog/PycharmProjects/vem-corpus/12_cl_st1_claudia_vem/examples/f2_neg
/f2_neg_012.tex [231])
(/home/eyamrog/PycharmProjects/vem-corpus/12_cl_st1_claudia_vem/examples/f2_neg
/f2_neg_013.tex)
(/home/eyamrog/PycharmProjects/vem-corpus/12_cl_st1_claudia_vem/examples/f2_neg
/f2_neg_014.tex [232])
(/home/eyamrog/PycharmProjects/vem-corpus/12_cl_st1_claudia_vem/examples/f2_neg
/f2_neg_015.tex [233])
(/home/eyamrog/PycharmProjects/vem-corpus/12_cl_st1_claudia_vem/examples/f2_neg
/f2_neg_016.tex [234])
(/home/eyamrog/PycharmProjects/vem-corpus/12_cl_st1_claudia_vem/examples/f2_neg
/f2_neg_017.tex
Overfull \hbox (1.4904pt too wide) in paragraph at lines 1--29
\TU/DejaVuSerif(0)/m/n/10 uma-atividade-significativa-de-pesquisa/ Acesso em: 12
 set. 24 DODGE, Bernie.
 []


Overfull \hbox (52.26839pt too wide) in paragraph at lines 1--29
\TU/DejaVuSerif(0)/m/n/10 em: https://www.dm.uf-s-car.br/ jpi-ton/down-loads/ar-
tigo_we-bquest_orig-i-nal_1996_ptbr.pdf
 []

[235])
(/home/eyamrog/PycharmProjects/vem-corpus/12_cl_st1_claudia_vem/examples/f2_neg
/f2_neg_018.tex [236])
(/home/eyamrog/PycharmProjects/vem-corpus/12_cl_st1_claudia_vem/examples/f2_neg
/f2_neg_019.tex [237])
(/home/eyamrog/PycharmProjects/vem-corpus/12_cl_st1_claudia_vem/examples/f2_neg
/f2_neg_020.tex [238])
(/home/eyamrog/PycharmProjects/vem-corpus/12_cl_st1_claudia_vem/examples/f2_neg
/f2_neg_021.tex [239])
(/home/eyamrog/PycharmProjects/vem-corpus/12_cl_st1_claudia_vem/examples/f2_neg
/f2_neg_022.tex)
(/home/eyamrog/PycharmProjects/vem-corpus/12_cl_st1_claudia_vem/examples/f2_neg
/f2_neg_023.tex [240])
(/home/eyamrog/PycharmProjects/vem-corpus/12_cl_st1_claudia_vem/examples/f2_neg
/f2_neg_024.tex [241])
(/home/eyamrog/PycharmProjects/vem-corpus/12_cl_st1_claudia_vem/examples/f2_neg
/f2_neg_025.tex [242])
(/home/eyamrog/PycharmProjects/vem-corpus/12_cl_st1_claudia_vem/examples/f2_neg
/f2_neg_026.tex
Overfull \hbox (75.87167pt too wide) in paragraph at lines 1--12
\TU/DejaVuSerif(0)/m/n/10 148 par-tic-i-pantes. A sín-tese das ap-re-sen-taç
ões está em VEm 15 (https://cesu.cps.sp.gov.br/wp-
 []


Overfull \hbox (1.2688pt too wide) in paragraph at lines 1--12
\TU/DejaVuSerif(0)/m/n/10 de PCIs / Cesu en-ten-deu que o IVES Cesu 2023 de-v-e-
ria ser re-al-izado no primeiro
 []

)
(/home/eyamrog/PycharmProjects/vem-corpus/12_cl_st1_claudia_vem/examples/f2_neg
/f2_neg_027.tex [243])
(/home/eyamrog/PycharmProjects/vem-corpus/12_cl_st1_claudia_vem/examples/f2_neg
/f2_neg_028.tex)
(/home/eyamrog/PycharmProjects/vem-corpus/12_cl_st1_claudia_vem/examples/f2_neg
/f2_neg_029.tex [244])
(/home/eyamrog/PycharmProjects/vem-corpus/12_cl_st1_claudia_vem/examples/f2_neg
/f2_neg_030.tex
Overfull \hbox (4.06673pt too wide) in paragraph at lines 1--25
\TU/DejaVuSerif(0)/m/n/10 zana com-pôs, junto com Veron-ica Quandt, da Hochschu
le Heil-bronn (Ale-manha),
 []

[245])
(/home/eyamrog/PycharmProjects/vem-corpus/12_cl_st1_claudia_vem/examples/f2_neg
/f2_neg_031.tex [246])
(/home/eyamrog/PycharmProjects/vem-corpus/12_cl_st1_claudia_vem/examples/f2_neg
/f2_neg_032.tex)
(/home/eyamrog/PycharmProjects/vem-corpus/12_cl_st1_claudia_vem/examples/f2_neg
/f2_neg_033.tex [247])
(/home/eyamrog/PycharmProjects/vem-corpus/12_cl_st1_claudia_vem/examples/f2_neg
/f2_neg_034.tex [248])
(/home/eyamrog/PycharmProjects/vem-corpus/12_cl_st1_claudia_vem/examples/f2_neg
/f2_neg_035.tex [249])
(/home/eyamrog/PycharmProjects/vem-corpus/12_cl_st1_claudia_vem/examples/f2_neg
/f2_neg_036.tex [250])
(/home/eyamrog/PycharmProjects/vem-corpus/12_cl_st1_claudia_vem/examples/f2_neg
/f2_neg_037.tex
Overfull \hbox (1.62825pt too wide) in paragraph at lines 1--18
\TU/DejaVuSerif(0)/m/n/10 valdo Succi Ju-nior, co-or-de-nador dos Pro-je-tos Co-
lab-o-ra-tivos In-ter-na-cionais (PCIs
 []

[251])
(/home/eyamrog/PycharmProjects/vem-corpus/12_cl_st1_claudia_vem/examples/f2_neg
/f2_neg_038.tex [252])
(/home/eyamrog/PycharmProjects/vem-corpus/12_cl_st1_claudia_vem/examples/f2_neg
/f2_neg_039.tex [253])
(/home/eyamrog/PycharmProjects/vem-corpus/12_cl_st1_claudia_vem/examples/f2_neg
/f2_neg_040.tex [254])
(/home/eyamrog/PycharmProjects/vem-corpus/12_cl_st1_claudia_vem/examples/f2_neg
/f2_neg_041.tex)
(/home/eyamrog/PycharmProjects/vem-corpus/12_cl_st1_claudia_vem/examples/f2_neg
/f2_neg_042.tex [255])
(/home/eyamrog/PycharmProjects/vem-corpus/12_cl_st1_claudia_vem/examples/f2_neg
/f2_neg_043.tex [256])
(/home/eyamrog/PycharmProjects/vem-corpus/12_cl_st1_claudia_vem/examples/f2_neg
/f2_neg_044.tex [257])
(/home/eyamrog/PycharmProjects/vem-corpus/12_cl_st1_claudia_vem/examples/f2_neg
/f2_neg_045.tex [258])
(/home/eyamrog/PycharmProjects/vem-corpus/12_cl_st1_claudia_vem/examples/f2_neg
/f2_neg_046.tex
Overfull \hbox (15.7347pt too wide) in paragraph at lines 1--20
\TU/DejaVuSerif(0)/m/n/10 Cesu) de-sen-volvido com mais seis pro-fes-sores de In
-glês, das Fatecs Guaratinguetá,
 []

[259])
(/home/eyamrog/PycharmProjects/vem-corpus/12_cl_st1_claudia_vem/examples/f2_neg
/f2_neg_047.tex [260])
(/home/eyamrog/PycharmProjects/vem-corpus/12_cl_st1_claudia_vem/examples/f2_neg
/f2_neg_048.tex)
(/home/eyamrog/PycharmProjects/vem-corpus/12_cl_st1_claudia_vem/examples/f2_neg
/f2_neg_049.tex [261])
(/home/eyamrog/PycharmProjects/vem-corpus/12_cl_st1_claudia_vem/examples/f2_neg
/f2_neg_050.tex
Overfull \hbox (39.1092pt too wide) in paragraph at lines 1--11
\TU/DejaVuSerif(0)/m/n/10 primeira dé-cada de PCIs: https://cesu.cps.sp.gov.br/
wp-content/up-loads/2023/05/VEm-
 []

[262])
(/home/eyamrog/PycharmProjects/vem-corpus/12_cl_st1_claudia_vem/examples/f2_neg
/f2_neg_051.tex)
(/home/eyamrog/PycharmProjects/vem-corpus/12_cl_st1_claudia_vem/examples/f2_neg
/f2_neg_052.tex)
(/home/eyamrog/PycharmProjects/vem-corpus/12_cl_st1_claudia_vem/examples/f2_neg
/f2_neg_053.tex
Overfull \hbox (13.89853pt too wide) in paragraph at lines 1--104
\TU/DejaVuSerif(0)/m/n/10 On-line na De-Paul Uni-ver-sity (EUA) EVEN-TOS IN-TER-
NA-CIONAIS de-batem gestão
 []


Overfull \hbox (1.57536pt too wide) in paragraph at lines 1--104
\TU/DejaVuSerif(0)/m/n/10 de pro-je-tos COIL (Col-lab-o-ra-tive On-line In-ter-n
a-tional Learn-ing) FATEC FRANCO
 []


Overfull \hbox (12.23267pt too wide) in paragraph at lines 1--104
\TU/DejaVuSerif(0)/m/n/10 gera-live-para-angariar-doacoes-para-criancas-e-jovens
-da-ucrania/ A seguir, con-
 []

[263] [264] [265] [266] [267])
(/home/eyamrog/PycharmProjects/vem-corpus/12_cl_st1_claudia_vem/examples/f2_neg
/f2_neg_054.tex
Overfull \hbox (1.62825pt too wide) in paragraph at lines 1--14
\TU/DejaVuSerif(0)/m/n/10 valdo Succi Ju-nior, co-or-de-nador dos Pro-je-tos Co-
lab-o-ra-tivos In-ter-na-cionais (PCIs
 []


Overfull \hbox (5.51335pt too wide) in paragraph at lines 1--14
\TU/DejaVuSerif(0)/m/n/10 acadêmica. Em 25 de abril, ap-re-sen-tou tra-balho na
 Con-fer-ên-cia 2022 da FAUBAI
 []

[268])
(/home/eyamrog/PycharmProjects/vem-corpus/12_cl_st1_claudia_vem/examples/f2_neg
/f2_neg_055.tex
Overfull \hbox (30.30696pt too wide) in paragraph at lines 1--12
\TU/DejaVuSerif(0)/m/n/10 seus es-tu-dantes, es-tão tra-bal-hando as Fatecs das
 cidades de Cruzeiro, Guaratinguetá,
 []


Overfull \hbox (2.57063pt too wide) in paragraph at lines 1--12
\TU/DejaVuSerif(0)/m/n/10 Os pro-fes-sores Rosinei Batista Ribeiro, Ana Raquel 
Elisa Satim Ro-drigues (Fatec
 []

)
(/home/eyamrog/PycharmProjects/vem-corpus/12_cl_st1_claudia_vem/examples/f2_neg
/f2_neg_056.tex [269] [270] [271])
(/home/eyamrog/PycharmProjects/vem-corpus/12_cl_st1_claudia_vem/examples/f2_neg
/f2_neg_057.tex
Overfull \hbox (15.16261pt too wide) in paragraph at lines 1--31
\TU/DejaVuSerif(0)/m/n/10 Rout-ledge, 2022. Disponível em: https://doi.org/10.4
324/9781003447832. Acesso
 []

[272])
(/home/eyamrog/PycharmProjects/vem-corpus/12_cl_st1_claudia_vem/examples/f2_neg
/f2_neg_058.tex
Overfull \hbox (1.97298pt too wide) in paragraph at lines 1--39
\TU/DejaVuSerif(0)/m/n/10 cas ed-u-ca-cionais me-di-adas pelas tec-nolo-gias con
-tribuam para de-sen-volver com-
 []

[273])
(/home/eyamrog/PycharmProjects/vem-corpus/12_cl_st1_claudia_vem/examples/f2_neg
/f2_neg_059.tex
Overfull \hbox (8.5013pt too wide) in paragraph at lines 1--13
\TU/DejaVuSerif(0)/m/n/10 bookLM”foi re-al-izada com base em um con-junto de 
edições do in-for-ma-tivo”VEm”.
 []


Overfull \hbox (7.41927pt too wide) in paragraph at lines 1--13
\TU/DejaVuSerif(0)/m/n/10 de ha-bil-i-dades transver-sais, au-men-tar a em-pre-g
a-bil-i-dade dos grad-u-a-dos e apoiar
 []

[274])
(/home/eyamrog/PycharmProjects/vem-corpus/12_cl_st1_claudia_vem/examples/f2_neg
/f2_neg_060.tex [275] [276])
(/home/eyamrog/PycharmProjects/vem-corpus/12_cl_st1_claudia_vem/examples/f2_neg
/f2_neg_061.tex [277])
(/home/eyamrog/PycharmProjects/vem-corpus/12_cl_st1_claudia_vem/examples/f2_neg
/f2_neg_062.tex [278])
(/home/eyamrog/PycharmProjects/vem-corpus/12_cl_st1_claudia_vem/examples/f2_neg
/f2_neg_063.tex [279] [280])
(/home/eyamrog/PycharmProjects/vem-corpus/12_cl_st1_claudia_vem/examples/f2_neg
/f2_neg_064.tex [281])
(/home/eyamrog/PycharmProjects/vem-corpus/12_cl_st1_claudia_vem/examples/f2_neg
/f2_neg_065.tex [282])
(/home/eyamrog/PycharmProjects/vem-corpus/12_cl_st1_claudia_vem/examples/f2_neg
/f2_neg_066.tex [283] [284] [285])
(/home/eyamrog/PycharmProjects/vem-corpus/12_cl_st1_claudia_vem/examples/f2_neg
/f2_neg_067.tex [286])
(/home/eyamrog/PycharmProjects/vem-corpus/12_cl_st1_claudia_vem/examples/f2_neg
/f2_neg_068.tex [287])
(/home/eyamrog/PycharmProjects/vem-corpus/12_cl_st1_claudia_vem/examples/f2_neg
/f2_neg_069.tex [288])
(/home/eyamrog/PycharmProjects/vem-corpus/12_cl_st1_claudia_vem/examples/f3_pos
/f3_pos_001.tex [289])
(/home/eyamrog/PycharmProjects/vem-corpus/12_cl_st1_claudia_vem/examples/f3_pos
/f3_pos_002.tex [290])
(/home/eyamrog/PycharmProjects/vem-corpus/12_cl_st1_claudia_vem/examples/f3_pos
/f3_pos_003.tex)
(/home/eyamrog/PycharmProjects/vem-corpus/12_cl_st1_claudia_vem/examples/f3_pos
/f3_pos_004.tex [291])
(/home/eyamrog/PycharmProjects/vem-corpus/12_cl_st1_claudia_vem/examples/f3_pos
/f3_pos_005.tex
Overfull \hbox (8.23763pt too wide) in paragraph at lines 1--15
\TU/DejaVuSerif(0)/m/n/10 da Florida In-ter-na-tional Uni-ver-sity (FIU). Sob a ori-en-ta
ção de Stephanie Doscher,
 []

)
(/home/eyamrog/PycharmProjects/vem-corpus/12_cl_st1_claudia_vem/examples/f3_pos
/f3_pos_006.tex [292])
(/home/eyamrog/PycharmProjects/vem-corpus/12_cl_st1_claudia_vem/examples/f3_pos
/f3_pos_007.tex [293])
(/home/eyamrog/PycharmProjects/vem-corpus/12_cl_st1_claudia_vem/examples/f3_pos
/f3_pos_008.tex
Overfull \hbox (9.8343pt too wide) in paragraph at lines 1--17
[]  \TU/DejaVuSerif(0)/m/n/10 Procura-se Quer de-sen-volver um Pro-jeto Co-lab-o
-ra-tivo In-ter-na-cional (PCI)? Temos
 []


Overfull \hbox (7.79329pt too wide) in paragraph at lines 1--17
\TU/DejaVuSerif(0)/m/n/10 es-cr-ever para Daives Berga-m-asco (daives.berga-m-as
co@fatec.sp.gov.br) e juntar-
 []


Overfull \hbox (1.69044pt too wide) in paragraph at lines 1--17
\TU/DejaVuSerif(0)/m/n/10 se às nos-sas equipes no Teams PCI Con-nec-tion En-la
ce PCI CON-VITE À LEITURA
 []

[294])
(/home/eyamrog/PycharmProjects/vem-corpus/12_cl_st1_claudia_vem/examples/f3_pos
/f3_pos_009.tex
Overfull \hbox (14.80403pt too wide) in paragraph at lines 1--19
\TU/DejaVuSerif(0)/m/n/10 desde 2019, Emilena Loren-zon Bianco destaca, em en-tr
e-vista con-ce-dida à newslet-
 []

)
(/home/eyamrog/PycharmProjects/vem-corpus/12_cl_st1_claudia_vem/examples/f3_pos
/f3_pos_010.tex [295])
(/home/eyamrog/PycharmProjects/vem-corpus/12_cl_st1_claudia_vem/examples/f3_pos
/f3_pos_011.tex)
(/home/eyamrog/PycharmProjects/vem-corpus/12_cl_st1_claudia_vem/examples/f3_pos
/f3_pos_012.tex [296])
(/home/eyamrog/PycharmProjects/vem-corpus/12_cl_st1_claudia_vem/examples/f3_pos
/f3_pos_013.tex
Overfull \hbox (4.73943pt too wide) in paragraph at lines 1--17
[]  \TU/DejaVuSerif(0)/m/n/10 QUEBRA-GELO A equipe dos Pro-je-tos Co-lab-o-ra-ti
vos In-ter-na-cionais (PCIs / Cesu)
 []


Overfull \hbox (47.0096pt too wide) in paragraph at lines 1--17
\TU/DejaVuSerif(0)/m/n/10 tiva: https://cesu.cps.sp.gov.br/ar-rie sguemos-el-por
tunhol-expandindo-os-intercambios-
 []


Overfull \hbox (17.74968pt too wide) in paragraph at lines 1--17
\TU/DejaVuSerif(0)/m/n/10 virtuais-para-o-ensino-medio/. Ol-hando os PCIs nas Fa
tecs, os números do primeiro
 []

[297])
(/home/eyamrog/PycharmProjects/vem-corpus/12_cl_st1_claudia_vem/examples/f3_pos
/f3_pos_014.tex
Overfull \hbox (2.59106pt too wide) in paragraph at lines 1--16
\TU/DejaVuSerif(0)/m/n/10 edição de VEm com PCI ap-re-senta, na seção”Quem
 é quem”, Stephanie Doscher,
 []

)
(/home/eyamrog/PycharmProjects/vem-corpus/12_cl_st1_claudia_vem/examples/f3_pos
/f3_pos_015.tex
Overfull \hbox (5.71321pt too wide) in paragraph at lines 1--12
\TU/DejaVuSerif(0)/m/n/10 in-clui doutorado em Ad-min-is-tração e Su-per-vis
ão Ed-u-ca-cional pela FIU, mestrado
 []

[298])
(/home/eyamrog/PycharmProjects/vem-corpus/12_cl_st1_claudia_vem/examples/f3_pos
/f3_pos_016.tex
Overfull \hbox (7.50227pt too wide) in paragraph at lines 1--16
\TU/DejaVuSerif(0)/m/n/10 com al-guma in-sti-tu-ição de en-sino es-trangeira, preen-cha o ques-tion
ário no Forms:
 []

)
(/home/eyamrog/PycharmProjects/vem-corpus/12_cl_st1_claudia_vem/examples/f3_pos
/f3_pos_017.tex [299])
(/home/eyamrog/PycharmProjects/vem-corpus/12_cl_st1_claudia_vem/examples/f3_pos
/f3_pos_018.tex [300])
(/home/eyamrog/PycharmProjects/vem-corpus/12_cl_st1_claudia_vem/examples/f3_pos
/f3_pos_019.tex [301] [302])
(/home/eyamrog/PycharmProjects/vem-corpus/12_cl_st1_claudia_vem/examples/f3_pos
/f3_pos_020.tex
Overfull \hbox (13.89853pt too wide) in paragraph at lines 1--104
\TU/DejaVuSerif(0)/m/n/10 On-line na De-Paul Uni-ver-sity (EUA) EVEN-TOS IN-TER-
NA-CIONAIS de-batem gestão
 []


Overfull \hbox (1.57536pt too wide) in paragraph at lines 1--104
\TU/DejaVuSerif(0)/m/n/10 de pro-je-tos COIL (Col-lab-o-ra-tive On-line In-ter-n
a-tional Learn-ing) FATEC FRANCO
 []


Overfull \hbox (12.23267pt too wide) in paragraph at lines 1--104
\TU/DejaVuSerif(0)/m/n/10 gera-live-para-angariar-doacoes-para-criancas-e-jovens
-da-ucrania/ A seguir, con-
 []

[303] [304] [305] [306])
(/home/eyamrog/PycharmProjects/vem-corpus/12_cl_st1_claudia_vem/examples/f3_pos
/f3_pos_021.tex [307])
(/home/eyamrog/PycharmProjects/vem-corpus/12_cl_st1_claudia_vem/examples/f3_pos
/f3_pos_022.tex)
(/home/eyamrog/PycharmProjects/vem-corpus/12_cl_st1_claudia_vem/examples/f3_pos
/f3_pos_023.tex [308])
(/home/eyamrog/PycharmProjects/vem-corpus/12_cl_st1_claudia_vem/examples/f3_pos
/f3_pos_024.tex
Overfull \hbox (5.01985pt too wide) in paragraph at lines 1--10
\TU/DejaVuSerif(0)/m/n/10 da-rocha-e-uek-polonia-gera-live-para-angariar-doacoes
-para-criancas-e-jovens-
 []

)
(/home/eyamrog/PycharmProjects/vem-corpus/12_cl_st1_claudia_vem/examples/f3_pos
/f3_pos_025.tex
Overfull \hbox (5.01985pt too wide) in paragraph at lines 1--10
\TU/DejaVuSerif(0)/m/n/10 da-rocha-e-uek-polonia-gera-live-para-angariar-doacoes
-para-criancas-e-jovens-
 []

[309])
(/home/eyamrog/PycharmProjects/vem-corpus/12_cl_st1_claudia_vem/examples/f3_pos
/f3_pos_026.tex
Overfull \hbox (15.16261pt too wide) in paragraph at lines 1--31
\TU/DejaVuSerif(0)/m/n/10 Rout-ledge, 2022. Disponível em: https://doi.org/10.4
324/9781003447832. Acesso
 []

[310])
(/home/eyamrog/PycharmProjects/vem-corpus/12_cl_st1_claudia_vem/examples/f3_pos
/f3_pos_027.tex
Overfull \hbox (82.05925pt too wide) in paragraph at lines 1--16
\TU/DejaVuSerif(0)/m/n/10 coescesu.cps.sp.gov.br/VEm/about/sub-mis-sions Dúvi-d
as? Es-creva para cesu.pci@cps.sp.gov.br.
 []

[311])
(/home/eyamrog/PycharmProjects/vem-corpus/12_cl_st1_claudia_vem/examples/f3_pos
/f3_pos_028.tex [312] [313])
(/home/eyamrog/PycharmProjects/vem-corpus/12_cl_st1_claudia_vem/examples/f3_pos
/f3_pos_029.tex [314] [315])
(/home/eyamrog/PycharmProjects/vem-corpus/12_cl_st1_claudia_vem/examples/f3_pos
/f3_pos_030.tex)
(/home/eyamrog/PycharmProjects/vem-corpus/12_cl_st1_claudia_vem/examples/f3_pos
/f3_pos_031.tex [316])
(/home/eyamrog/PycharmProjects/vem-corpus/12_cl_st1_claudia_vem/examples/f3_pos
/f3_pos_032.tex
Overfull \hbox (18.44965pt too wide) in paragraph at lines 1--13
[]  \TU/DejaVuSerif(0)/m/n/10 ALUNOS AVALIAM PCIs: PESQUISA 1º SEMESTRE DE 2022
 No primeiro semestre
 []


Overfull \hbox (0.17317pt too wide) in paragraph at lines 1--13
\TU/DejaVuSerif(0)/m/n/10 de 2022, 1.683 es-tu-dantes foram aten-di-dos em 70 PC
Is re-al-iza-dos em 33 Fatecs.
 []

)
(/home/eyamrog/PycharmProjects/vem-corpus/12_cl_st1_claudia_vem/examples/f3_pos
/f3_pos_033.tex [317])
(/home/eyamrog/PycharmProjects/vem-corpus/12_cl_st1_claudia_vem/examples/f3_pos
/f3_pos_034.tex [318])
(/home/eyamrog/PycharmProjects/vem-corpus/12_cl_st1_claudia_vem/examples/f3_pos
/f3_pos_035.tex)
(/home/eyamrog/PycharmProjects/vem-corpus/12_cl_st1_claudia_vem/examples/f3_pos
/f3_pos_036.tex [319])
(/home/eyamrog/PycharmProjects/vem-corpus/12_cl_st1_claudia_vem/examples/f3_pos
/f3_pos_037.tex [320] [321])
(/home/eyamrog/PycharmProjects/vem-corpus/12_cl_st1_claudia_vem/examples/f3_pos
/f3_pos_038.tex
Overfull \hbox (71.15266pt too wide) in paragraph at lines 1--9
\TU/DejaVuSerif(0)/m/n/10 ca-cionf-py-de-portes.gob.es/brasil/dam/jcr:21177019-2
de7-4a5a-99c2-3fcd4feaabf3/programa-
 []


Overfull \hbox (5.99153pt too wide) in paragraph at lines 1--9
\TU/DejaVuSerif(0)/m/n/10 xxxi-seminario-definitivo--2-.pdf Re-giane e Maria Aux
-il-i-adora ap-re-sen-taram pres-
 []


Overfull \hbox (8.29028pt too wide) in paragraph at lines 1--9
\TU/DejaVuSerif(0)/m/n/10 PCI en-vol-vendo es-tu-dantes do curso de Gestão Com-
er-cial da Fatec Guaratinguetá
 []


Overfull \hbox (33.56477pt too wide) in paragraph at lines 1--9
\TU/DejaVuSerif(0)/m/n/10 https://www.cps.sp.gov.br/cps-e-segundo-maior-do-mundo
-em-projetos-colaborativos-
 []


Overfull \hbox (40.94514pt too wide) in paragraph at lines 1--9
\TU/DejaVuSerif(0)/m/n/10 Unimin-uto: https://cesu.cps.sp.gov.br/projetos-colabo
rativos-internacionais-webinario-
 []


Overfull \hbox (3.74788pt too wide) in paragraph at lines 1--9
\TU/DejaVuSerif(0)/m/n/10 e Mônica: https://pub-li-ca-coescesu.cps.sp.gov.br/VE
m/ar-ti-cle/view/265/204 Para
 []

)
(/home/eyamrog/PycharmProjects/vem-corpus/12_cl_st1_claudia_vem/examples/f3_pos
/f3_pos_039.tex [322])
(/home/eyamrog/PycharmProjects/vem-corpus/12_cl_st1_claudia_vem/examples/f3_pos
/f3_pos_040.tex
Overfull \hbox (37.62727pt too wide) in paragraph at lines 1--7
\TU/DejaVuSerif(0)/m/n/10 como”ótima”ou”boa”86 % avaliam in-ter-ação com cole-gas brasileiros
”ótima”ou”boa”63
 []


Overfull \hbox (32.16179pt too wide) in paragraph at lines 1--7
\TU/DejaVuSerif(0)/m/n/10 mam que a com-petên-cia no id-ioma es-trangeiro mel-h
orou. 88 % avaliam como”ótima”e
 []

[323])
(/home/eyamrog/PycharmProjects/vem-corpus/12_cl_st1_claudia_vem/examples/f3_pos
/f3_pos_041.tex)
(/home/eyamrog/PycharmProjects/vem-corpus/12_cl_st1_claudia_vem/examples/f3_pos
/f3_pos_042.tex [324])
(/home/eyamrog/PycharmProjects/vem-corpus/12_cl_st1_claudia_vem/examples/f3_pos
/f3_pos_043.tex)
(/home/eyamrog/PycharmProjects/vem-corpus/12_cl_st1_claudia_vem/examples/f3_pos
/f3_pos_044.tex)
(/home/eyamrog/PycharmProjects/vem-corpus/12_cl_st1_claudia_vem/examples/f3_pos
/f3_pos_045.tex [325])
(/home/eyamrog/PycharmProjects/vem-corpus/12_cl_st1_claudia_vem/examples/f3_pos
/f3_pos_046.tex [326])
(/home/eyamrog/PycharmProjects/vem-corpus/12_cl_st1_claudia_vem/examples/f3_pos
/f3_pos_047.tex [327])
(/home/eyamrog/PycharmProjects/vem-corpus/12_cl_st1_claudia_vem/examples/f3_pos
/f3_pos_048.tex [328])
(/home/eyamrog/PycharmProjects/vem-corpus/12_cl_st1_claudia_vem/examples/f3_pos
/f3_pos_049.tex [329])
(/home/eyamrog/PycharmProjects/vem-corpus/12_cl_st1_claudia_vem/examples/f3_pos
/f3_pos_050.tex)
(/home/eyamrog/PycharmProjects/vem-corpus/12_cl_st1_claudia_vem/examples/f3_pos
/f3_pos_051.tex [330])
(/home/eyamrog/PycharmProjects/vem-corpus/12_cl_st1_claudia_vem/examples/f3_pos
/f3_pos_052.tex [331] [332])
(/home/eyamrog/PycharmProjects/vem-corpus/12_cl_st1_claudia_vem/examples/f3_pos
/f3_pos_053.tex [333])
(/home/eyamrog/PycharmProjects/vem-corpus/12_cl_st1_claudia_vem/examples/f3_pos
/f3_pos_054.tex)
(/home/eyamrog/PycharmProjects/vem-corpus/12_cl_st1_claudia_vem/examples/f3_pos
/f3_pos_055.tex [334] [335])
(/home/eyamrog/PycharmProjects/vem-corpus/12_cl_st1_claudia_vem/examples/f3_pos
/f3_pos_056.tex [336] [337])
(/home/eyamrog/PycharmProjects/vem-corpus/12_cl_st1_claudia_vem/examples/f3_pos
/f3_pos_057.tex [338])
(/home/eyamrog/PycharmProjects/vem-corpus/12_cl_st1_claudia_vem/examples/f3_pos
/f3_pos_058.tex)
(/home/eyamrog/PycharmProjects/vem-corpus/12_cl_st1_claudia_vem/examples/f3_pos
/f3_pos_059.tex [339])
(/home/eyamrog/PycharmProjects/vem-corpus/12_cl_st1_claudia_vem/examples/f3_pos
/f3_pos_060.tex)
(/home/eyamrog/PycharmProjects/vem-corpus/12_cl_st1_claudia_vem/examples/f3_pos
/f3_pos_061.tex [340])
(/home/eyamrog/PycharmProjects/vem-corpus/12_cl_st1_claudia_vem/examples/f3_pos
/f3_pos_062.tex
Overfull \hbox (32.30501pt too wide) in paragraph at lines 1--13
\TU/DejaVuSerif(0)/m/n/10 v.br/em-evento-organizado-pela-inacap-chile-com-a-equi
pe-dos-pcis-alunos-de-fatecs-
 []

)
(/home/eyamrog/PycharmProjects/vem-corpus/12_cl_st1_claudia_vem/examples/f3_pos
/f3_pos_063.tex [341])
(/home/eyamrog/PycharmProjects/vem-corpus/12_cl_st1_claudia_vem/examples/f3_pos
/f3_pos_064.tex [342])
(/home/eyamrog/PycharmProjects/vem-corpus/12_cl_st1_claudia_vem/examples/f3_pos
/f3_pos_065.tex
Overfull \hbox (3.96516pt too wide) in paragraph at lines 1--12
\TU/DejaVuSerif(0)/m/n/10 newsletter-bimestral-dos-projetos-colaborativos-intern
acionais-pci/ 632 re-spon-
 []

[343])
(/home/eyamrog/PycharmProjects/vem-corpus/12_cl_st1_claudia_vem/examples/f3_pos
/f3_pos_066.tex)
(/home/eyamrog/PycharmProjects/vem-corpus/12_cl_st1_claudia_vem/examples/f3_pos
/f3_pos_067.tex [344])
(/home/eyamrog/PycharmProjects/vem-corpus/12_cl_st1_claudia_vem/examples/f3_pos
/f3_pos_068.tex
Overfull \hbox (0.7718pt too wide) in paragraph at lines 1--7
[]  \TU/DejaVuSerif(0)/m/n/10 Ofic-i-nas De-safios do treina-mento e sus-tentabi
l-i-dade dos pro-je-tos Re-giane Souza
 []

)
(/home/eyamrog/PycharmProjects/vem-corpus/12_cl_st1_claudia_vem/examples/f3_pos
/f3_pos_069.tex [345])
(/home/eyamrog/PycharmProjects/vem-corpus/12_cl_st1_claudia_vem/examples/f3_pos
/f3_pos_070.tex)
(/home/eyamrog/PycharmProjects/vem-corpus/12_cl_st1_claudia_vem/examples/f3_pos
/f3_pos_071.tex [346])
(/home/eyamrog/PycharmProjects/vem-corpus/12_cl_st1_claudia_vem/examples/f3_pos
/f3_pos_072.tex)
(/home/eyamrog/PycharmProjects/vem-corpus/12_cl_st1_claudia_vem/examples/f3_pos
/f3_pos_073.tex [347])
(/home/eyamrog/PycharmProjects/vem-corpus/12_cl_st1_claudia_vem/examples/f3_pos
/f3_pos_074.tex)
(/home/eyamrog/PycharmProjects/vem-corpus/12_cl_st1_claudia_vem/examples/f3_pos
/f3_pos_075.tex [348])
(/home/eyamrog/PycharmProjects/vem-corpus/12_cl_st1_claudia_vem/examples/f3_pos
/f3_pos_076.tex [349])
(/home/eyamrog/PycharmProjects/vem-corpus/12_cl_st1_claudia_vem/examples/f3_pos
/f3_pos_077.tex)
(/home/eyamrog/PycharmProjects/vem-corpus/12_cl_st1_claudia_vem/examples/f3_pos
/f3_pos_078.tex [350]
Overfull \hbox (82.17155pt too wide) in paragraph at lines 1--14
\TU/DejaVuSerif(0)/m/n/10 uti-lizando in-teligên-cia ar-ti-fi-cial. Sua ap-re-s
en-tação está disponível em http://go.fiu.edu/ives2024
 []

)
(/home/eyamrog/PycharmProjects/vem-corpus/12_cl_st1_claudia_vem/examples/f3_pos
/f3_pos_079.tex [351])
(/home/eyamrog/PycharmProjects/vem-corpus/12_cl_st1_claudia_vem/examples/f3_pos
/f3_pos_080.tex)
(/home/eyamrog/PycharmProjects/vem-corpus/12_cl_st1_claudia_vem/examples/f3_pos
/f3_pos_081.tex [352] [353] [354])
(/home/eyamrog/PycharmProjects/vem-corpus/12_cl_st1_claudia_vem/examples/f3_pos
/f3_pos_082.tex [355])
(/home/eyamrog/PycharmProjects/vem-corpus/12_cl_st1_claudia_vem/examples/f3_pos
/f3_pos_083.tex
Overfull \hbox (15.7347pt too wide) in paragraph at lines 1--19
\TU/DejaVuSerif(0)/m/n/10 Cesu) de-sen-volvido com mais seis pro-fes-sores de In
-glês, das Fatecs Guaratinguetá,
 []

[356])
(/home/eyamrog/PycharmProjects/vem-corpus/12_cl_st1_claudia_vem/examples/f3_pos
/f3_pos_084.tex)
(/home/eyamrog/PycharmProjects/vem-corpus/12_cl_st1_claudia_vem/examples/f3_pos
/f3_pos_085.tex [357])
(/home/eyamrog/PycharmProjects/vem-corpus/12_cl_st1_claudia_vem/examples/f3_pos
/f3_pos_086.tex [358])
(/home/eyamrog/PycharmProjects/vem-corpus/12_cl_st1_claudia_vem/examples/f3_pos
/f3_pos_087.tex
Overfull \hbox (16.4074pt too wide) in paragraph at lines 1--15
\TU/DejaVuSerif(0)/m/n/10 no Canal do YouTube da Cesu: youtube.com/playlist? lis
t = PLF0wjfo4cP3Hvg1eN-
 []

[359])
(/home/eyamrog/PycharmProjects/vem-corpus/12_cl_st1_claudia_vem/examples/f3_pos
/f3_pos_088.tex)
(/home/eyamrog/PycharmProjects/vem-corpus/12_cl_st1_claudia_vem/examples/f3_pos
/f3_pos_089.tex
Overfull \hbox (1.62825pt too wide) in paragraph at lines 1--18
\TU/DejaVuSerif(0)/m/n/10 valdo Succi Ju-nior, co-or-de-nador dos Pro-je-tos Co-
lab-o-ra-tivos In-ter-na-cionais (PCIs
 []

[360])
(/home/eyamrog/PycharmProjects/vem-corpus/12_cl_st1_claudia_vem/examples/f3_pos
/f3_pos_090.tex [361])
(/home/eyamrog/PycharmProjects/vem-corpus/12_cl_st1_claudia_vem/examples/f3_pos
/f3_pos_091.tex)
(/home/eyamrog/PycharmProjects/vem-corpus/12_cl_st1_claudia_vem/examples/f3_pos
/f3_pos_092.tex [362])
(/home/eyamrog/PycharmProjects/vem-corpus/12_cl_st1_claudia_vem/examples/f3_pos
/f3_pos_093.tex [363])
(/home/eyamrog/PycharmProjects/vem-corpus/12_cl_st1_claudia_vem/examples/f3_pos
/f3_pos_094.tex)
(/home/eyamrog/PycharmProjects/vem-corpus/12_cl_st1_claudia_vem/examples/f3_pos
/f3_pos_095.tex [364])
(/home/eyamrog/PycharmProjects/vem-corpus/12_cl_st1_claudia_vem/examples/f3_pos
/f3_pos_096.tex
Overfull \hbox (0.55591pt too wide) in paragraph at lines 1--15
[]  \TU/DejaVuSerif(0)/m/n/10 Mesa-redonda vir-tual de-bate bene-fí-cios dos pr
o-je-tos COIL Maria Clau-dia Nunes
 []

[365])
(/home/eyamrog/PycharmProjects/vem-corpus/12_cl_st1_claudia_vem/examples/f3_pos
/f3_pos_097.tex)
(/home/eyamrog/PycharmProjects/vem-corpus/12_cl_st1_claudia_vem/examples/f3_pos
/f3_pos_098.tex [366])
(/home/eyamrog/PycharmProjects/vem-corpus/12_cl_st1_claudia_vem/examples/f3_pos
/f3_pos_099.tex [367] [368] [369])
(/home/eyamrog/PycharmProjects/vem-corpus/12_cl_st1_claudia_vem/examples/f3_neg
/f3_neg_001.tex [370] [371])
(/home/eyamrog/PycharmProjects/vem-corpus/12_cl_st1_claudia_vem/examples/f3_neg
/f3_neg_002.tex [372])
(/home/eyamrog/PycharmProjects/vem-corpus/12_cl_st1_claudia_vem/examples/f3_neg
/f3_neg_003.tex)
(/home/eyamrog/PycharmProjects/vem-corpus/12_cl_st1_claudia_vem/examples/f3_neg
/f3_neg_004.tex [373])
(/home/eyamrog/PycharmProjects/vem-corpus/12_cl_st1_claudia_vem/examples/f3_neg
/f3_neg_005.tex [374])
(/home/eyamrog/PycharmProjects/vem-corpus/12_cl_st1_claudia_vem/examples/f3_neg
/f3_neg_006.tex
Overfull \hbox (0.55591pt too wide) in paragraph at lines 1--15
[]  \TU/DejaVuSerif(0)/m/n/10 Mesa-redonda vir-tual de-bate bene-fí-cios dos pr
o-je-tos COIL Maria Clau-dia Nunes
 []

)
(/home/eyamrog/PycharmProjects/vem-corpus/12_cl_st1_claudia_vem/examples/f3_neg
/f3_neg_007.tex [375])
(/home/eyamrog/PycharmProjects/vem-corpus/12_cl_st1_claudia_vem/examples/f3_neg
/f3_neg_008.tex [376])
(/home/eyamrog/PycharmProjects/vem-corpus/12_cl_st1_claudia_vem/examples/f3_neg
/f3_neg_009.tex [377])
(/home/eyamrog/PycharmProjects/vem-corpus/12_cl_st1_claudia_vem/examples/f3_neg
/f3_neg_010.tex)
(/home/eyamrog/PycharmProjects/vem-corpus/12_cl_st1_claudia_vem/examples/f3_neg
/f3_neg_011.tex [378])
(/home/eyamrog/PycharmProjects/vem-corpus/12_cl_st1_claudia_vem/examples/f3_neg
/f3_neg_012.tex
Overfull \hbox (1.62825pt too wide) in paragraph at lines 1--18
\TU/DejaVuSerif(0)/m/n/10 valdo Succi Ju-nior, co-or-de-nador dos Pro-je-tos Co-
lab-o-ra-tivos In-ter-na-cionais (PCIs
 []

[379])
(/home/eyamrog/PycharmProjects/vem-corpus/12_cl_st1_claudia_vem/examples/f3_neg
/f3_neg_013.tex
Overfull \hbox (16.4074pt too wide) in paragraph at lines 1--15
\TU/DejaVuSerif(0)/m/n/10 no Canal do YouTube da Cesu: youtube.com/playlist? lis
t = PLF0wjfo4cP3Hvg1eN-
 []

)
(/home/eyamrog/PycharmProjects/vem-corpus/12_cl_st1_claudia_vem/examples/f3_neg
/f3_neg_014.tex [380])
(/home/eyamrog/PycharmProjects/vem-corpus/12_cl_st1_claudia_vem/examples/f3_neg
/f3_neg_015.tex [381])
(/home/eyamrog/PycharmProjects/vem-corpus/12_cl_st1_claudia_vem/examples/f3_neg
/f3_neg_016.tex [382])
(/home/eyamrog/PycharmProjects/vem-corpus/12_cl_st1_claudia_vem/examples/f3_neg
/f3_neg_017.tex
Overfull \hbox (15.7347pt too wide) in paragraph at lines 1--20
\TU/DejaVuSerif(0)/m/n/10 Cesu) de-sen-volvido com mais seis pro-fes-sores de In
-glês, das Fatecs Guaratinguetá,
 []

)
(/home/eyamrog/PycharmProjects/vem-corpus/12_cl_st1_claudia_vem/examples/f3_neg
/f3_neg_018.tex [383])
(/home/eyamrog/PycharmProjects/vem-corpus/12_cl_st1_claudia_vem/examples/f3_neg
/f3_neg_019.tex [384])
(/home/eyamrog/PycharmProjects/vem-corpus/12_cl_st1_claudia_vem/examples/f3_neg
/f3_neg_020.tex)
(/home/eyamrog/PycharmProjects/vem-corpus/12_cl_st1_claudia_vem/examples/f3_neg
/f3_neg_021.tex
Overfull \hbox (82.17155pt too wide) in paragraph at lines 1--14
\TU/DejaVuSerif(0)/m/n/10 uti-lizando in-teligên-cia ar-ti-fi-cial. Sua ap-re-s
en-tação está disponível em http://go.fiu.edu/ives2024
 []

[385])
(/home/eyamrog/PycharmProjects/vem-corpus/12_cl_st1_claudia_vem/examples/f3_neg
/f3_neg_022.tex [386])
(/home/eyamrog/PycharmProjects/vem-corpus/12_cl_st1_claudia_vem/examples/f3_neg
/f3_neg_023.tex)
(/home/eyamrog/PycharmProjects/vem-corpus/12_cl_st1_claudia_vem/examples/f3_neg
/f3_neg_024.tex [387] [388] [389])
(/home/eyamrog/PycharmProjects/vem-corpus/12_cl_st1_claudia_vem/examples/f3_neg
/f3_neg_025.tex [390])
(/home/eyamrog/PycharmProjects/vem-corpus/12_cl_st1_claudia_vem/examples/f3_neg
/f3_neg_026.tex)
(/home/eyamrog/PycharmProjects/vem-corpus/12_cl_st1_claudia_vem/examples/f3_neg
/f3_neg_027.tex [391])
(/home/eyamrog/PycharmProjects/vem-corpus/12_cl_st1_claudia_vem/examples/f3_neg
/f3_neg_028.tex [392])
(/home/eyamrog/PycharmProjects/vem-corpus/12_cl_st1_claudia_vem/examples/f3_neg
/f3_neg_029.tex
Overfull \hbox (32.30501pt too wide) in paragraph at lines 1--13
\TU/DejaVuSerif(0)/m/n/10 v.br/em-evento-organizado-pela-inacap-chile-com-a-equi
pe-dos-pcis-alunos-de-fatecs-
 []

)
(/home/eyamrog/PycharmProjects/vem-corpus/12_cl_st1_claudia_vem/examples/f3_neg
/f3_neg_030.tex [393])
(/home/eyamrog/PycharmProjects/vem-corpus/12_cl_st1_claudia_vem/examples/f3_neg
/f3_neg_031.tex)
(/home/eyamrog/PycharmProjects/vem-corpus/12_cl_st1_claudia_vem/examples/f3_neg
/f3_neg_032.tex [394])
(/home/eyamrog/PycharmProjects/vem-corpus/12_cl_st1_claudia_vem/examples/f3_neg
/f3_neg_033.tex
Overfull \hbox (8.23763pt too wide) in paragraph at lines 1--12
\TU/DejaVuSerif(0)/m/n/10 newsletter-bimestral-dos-projetos-colaborativos-intern
acionais-pci/ 632 \TU/DejaVuSerif(0)/b/n/10 re-spon-
 []

[395])
(/home/eyamrog/PycharmProjects/vem-corpus/12_cl_st1_claudia_vem/examples/f3_neg
/f3_neg_034.tex)
(/home/eyamrog/PycharmProjects/vem-corpus/12_cl_st1_claudia_vem/examples/f3_neg
/f3_neg_035.tex [396])
(/home/eyamrog/PycharmProjects/vem-corpus/12_cl_st1_claudia_vem/examples/f3_neg
/f3_neg_036.tex)
(/home/eyamrog/PycharmProjects/vem-corpus/12_cl_st1_claudia_vem/examples/f3_neg
/f3_neg_037.tex [397])
(/home/eyamrog/PycharmProjects/vem-corpus/12_cl_st1_claudia_vem/examples/f3_neg
/f3_neg_038.tex
Overfull \hbox (0.7718pt too wide) in paragraph at lines 1--8
[]  \TU/DejaVuSerif(0)/m/n/10 Ofic-i-nas De-safios do treina-mento e sus-tentabi
l-i-dade dos pro-je-tos Re-giane Souza
 []

)
(/home/eyamrog/PycharmProjects/vem-corpus/12_cl_st1_claudia_vem/examples/f3_neg
/f3_neg_039.tex [398])
(/home/eyamrog/PycharmProjects/vem-corpus/12_cl_st1_claudia_vem/examples/f3_neg
/f3_neg_040.tex [399])
(/home/eyamrog/PycharmProjects/vem-corpus/12_cl_st1_claudia_vem/examples/f3_neg
/f3_neg_041.tex)
(/home/eyamrog/PycharmProjects/vem-corpus/12_cl_st1_claudia_vem/examples/f3_neg
/f3_neg_042.tex [400])
(/home/eyamrog/PycharmProjects/vem-corpus/12_cl_st1_claudia_vem/examples/f3_neg
/f3_neg_043.tex)
(/home/eyamrog/PycharmProjects/vem-corpus/12_cl_st1_claudia_vem/examples/f3_neg
/f3_neg_044.tex [401])
(/home/eyamrog/PycharmProjects/vem-corpus/12_cl_st1_claudia_vem/examples/f3_neg
/f3_neg_045.tex [402] [403])
(/home/eyamrog/PycharmProjects/vem-corpus/12_cl_st1_claudia_vem/examples/f3_neg
/f3_neg_046.tex)
(/home/eyamrog/PycharmProjects/vem-corpus/12_cl_st1_claudia_vem/examples/f3_neg
/f3_neg_047.tex [404] [405])
(/home/eyamrog/PycharmProjects/vem-corpus/12_cl_st1_claudia_vem/examples/f3_neg
/f3_neg_048.tex [406] [407])
(/home/eyamrog/PycharmProjects/vem-corpus/12_cl_st1_claudia_vem/examples/f3_neg
/f3_neg_049.tex [408])
(/home/eyamrog/PycharmProjects/vem-corpus/12_cl_st1_claudia_vem/examples/f3_neg
/f3_neg_050.tex [409])
(/home/eyamrog/PycharmProjects/vem-corpus/12_cl_st1_claudia_vem/examples/f3_neg
/f3_neg_051.tex)
(/home/eyamrog/PycharmProjects/vem-corpus/12_cl_st1_claudia_vem/examples/f3_neg
/f3_neg_052.tex [410])
(/home/eyamrog/PycharmProjects/vem-corpus/12_cl_st1_claudia_vem/examples/f3_neg
/f3_neg_053.tex [411])
(/home/eyamrog/PycharmProjects/vem-corpus/12_cl_st1_claudia_vem/examples/f3_neg
/f3_neg_054.tex [412])
(/home/eyamrog/PycharmProjects/vem-corpus/12_cl_st1_claudia_vem/examples/f3_neg
/f3_neg_055.tex [413])
(/home/eyamrog/PycharmProjects/vem-corpus/12_cl_st1_claudia_vem/examples/f3_neg
/f3_neg_056.tex)
(/home/eyamrog/PycharmProjects/vem-corpus/12_cl_st1_claudia_vem/examples/f3_neg
/f3_neg_057.tex [414])
(/home/eyamrog/PycharmProjects/vem-corpus/12_cl_st1_claudia_vem/examples/f3_neg
/f3_neg_058.tex
Overfull \hbox (37.62727pt too wide) in paragraph at lines 1--7
\TU/DejaVuSerif(0)/m/n/10 como”ótima”ou”boa”86 % avaliam in-ter-ação com cole-gas brasileiros
”ótima”ou”boa”63
 []


Overfull \hbox (32.16179pt too wide) in paragraph at lines 1--7
\TU/DejaVuSerif(0)/m/n/10 mam que a com-petên-cia no id-ioma es-trangeiro mel-h
orou. 88 % avaliam como”ótima”e
 []

)
(/home/eyamrog/PycharmProjects/vem-corpus/12_cl_st1_claudia_vem/examples/f3_neg
/f3_neg_059.tex [415])
(/home/eyamrog/PycharmProjects/vem-corpus/12_cl_st1_claudia_vem/examples/f3_neg
/f3_neg_060.tex [416])
(/home/eyamrog/PycharmProjects/vem-corpus/12_cl_st1_claudia_vem/examples/f3_neg
/f3_neg_061.tex)
(/home/eyamrog/PycharmProjects/vem-corpus/12_cl_st1_claudia_vem/examples/f3_neg
/f3_neg_062.tex [417])
(/home/eyamrog/PycharmProjects/vem-corpus/12_cl_st1_claudia_vem/examples/f3_neg
/f3_neg_063.tex)
(/home/eyamrog/PycharmProjects/vem-corpus/12_cl_st1_claudia_vem/examples/f3_neg
/f3_neg_064.tex
Overfull \hbox (18.44965pt too wide) in paragraph at lines 1--13
[]  \TU/DejaVuSerif(0)/m/n/10 ALUNOS AVALIAM PCIs: PESQUISA 1º SEMESTRE DE 2022
 No primeiro semestre
 []


Overfull \hbox (0.17317pt too wide) in paragraph at lines 1--13
\TU/DejaVuSerif(0)/m/n/10 de 2022, 1.683 es-tu-dantes foram aten-di-dos em 70 PC
Is re-al-iza-dos em 33 Fatecs.
 []

[418])
(/home/eyamrog/PycharmProjects/vem-corpus/12_cl_st1_claudia_vem/examples/f3_neg
/f3_neg_065.tex)
(/home/eyamrog/PycharmProjects/vem-corpus/12_cl_st1_claudia_vem/examples/f3_neg
/f3_neg_066.tex [419])
(/home/eyamrog/PycharmProjects/vem-corpus/12_cl_st1_claudia_vem/examples/f3_neg
/f3_neg_067.tex)
(/home/eyamrog/PycharmProjects/vem-corpus/12_cl_st1_claudia_vem/examples/f3_neg
/f3_neg_068.tex
Overfull \hbox (71.15266pt too wide) in paragraph at lines 1--9
\TU/DejaVuSerif(0)/m/n/10 ca-cionf-py-de-portes.gob.es/brasil/dam/jcr:21177019-2
de7-4a5a-99c2-3fcd4feaabf3/programa-
 []


Overfull \hbox (5.99153pt too wide) in paragraph at lines 1--9
\TU/DejaVuSerif(0)/m/n/10 xxxi-seminario-definitivo--2-.pdf Re-giane e Maria Aux
-il-i-adora ap-re-sen-taram pres-
 []


Overfull \hbox (8.29028pt too wide) in paragraph at lines 1--9
\TU/DejaVuSerif(0)/m/n/10 PCI en-vol-vendo es-tu-dantes do curso de Gestão Com-
er-cial da Fatec Guaratinguetá
 []


Overfull \hbox (33.56477pt too wide) in paragraph at lines 1--9
\TU/DejaVuSerif(0)/m/n/10 https://www.cps.sp.gov.br/cps-e-segundo-maior-do-mundo
-em-projetos-colaborativos-
 []


Overfull \hbox (40.94514pt too wide) in paragraph at lines 1--9
\TU/DejaVuSerif(0)/m/n/10 Unimin-uto: https://cesu.cps.sp.gov.br/projetos-colabo
rativos-internacionais-webinario-
 []


Overfull \hbox (3.74788pt too wide) in paragraph at lines 1--9
\TU/DejaVuSerif(0)/m/n/10 e Mônica: https://pub-li-ca-coescesu.cps.sp.gov.br/VE
m/ar-ti-cle/view/265/204 Para
 []

[420])
(/home/eyamrog/PycharmProjects/vem-corpus/12_cl_st1_claudia_vem/examples/f3_neg
/f3_neg_069.tex [421] [422])
(/home/eyamrog/PycharmProjects/vem-corpus/12_cl_st1_claudia_vem/examples/f3_neg
/f3_neg_070.tex [423])
(/home/eyamrog/PycharmProjects/vem-corpus/12_cl_st1_claudia_vem/examples/f3_neg
/f3_neg_071.tex [424])
(/home/eyamrog/PycharmProjects/vem-corpus/12_cl_st1_claudia_vem/examples/f3_neg
/f3_neg_072.tex [425] [426] [427])
(/home/eyamrog/PycharmProjects/vem-corpus/12_cl_st1_claudia_vem/examples/f3_neg
/f3_neg_073.tex
Overfull \hbox (82.05925pt too wide) in paragraph at lines 1--16
\TU/DejaVuSerif(0)/m/n/10 coescesu.cps.sp.gov.br/VEm/about/sub-mis-sions Dúvi-d
as? Es-creva para cesu.pci@cps.sp.gov.br.
 []

)
(/home/eyamrog/PycharmProjects/vem-corpus/12_cl_st1_claudia_vem/examples/f3_neg
/f3_neg_074.tex
Overfull \hbox (15.16261pt too wide) in paragraph at lines 1--31
\TU/DejaVuSerif(0)/m/n/10 Rout-ledge, 2022. Disponível em: https://doi.org/10.4
324/9781003447832. Acesso
 []

[428] [429])
(/home/eyamrog/PycharmProjects/vem-corpus/12_cl_st1_claudia_vem/examples/f3_neg
/f3_neg_075.tex)
(/home/eyamrog/PycharmProjects/vem-corpus/12_cl_st1_claudia_vem/examples/f3_neg
/f3_neg_076.tex
Overfull \hbox (5.29329pt too wide) in paragraph at lines 1--10
\TU/DejaVuSerif(0)/m/n/10 uek-polonia-gera-live-para-angariar-doacoes-para-crian
cas-e-jovens-da-ucrania/
 []

[430])
(/home/eyamrog/PycharmProjects/vem-corpus/12_cl_st1_claudia_vem/examples/f3_neg
/f3_neg_077.tex)
(/home/eyamrog/PycharmProjects/vem-corpus/12_cl_st1_claudia_vem/examples/f3_neg
/f3_neg_078.tex
Overfull \hbox (5.29329pt too wide) in paragraph at lines 1--10
\TU/DejaVuSerif(0)/m/n/10 uek-polonia-gera-live-para-angariar-doacoes-para-crian
cas-e-jovens-da-ucrania/
 []

[431])
(/home/eyamrog/PycharmProjects/vem-corpus/12_cl_st1_claudia_vem/examples/f3_neg
/f3_neg_079.tex)
(/home/eyamrog/PycharmProjects/vem-corpus/12_cl_st1_claudia_vem/examples/f3_neg
/f3_neg_080.tex
Overfull \hbox (13.89853pt too wide) in paragraph at lines 1--104
\TU/DejaVuSerif(0)/m/n/10 On-line na De-Paul Uni-ver-sity (EUA) EVEN-TOS IN-TER-
NA-CIONAIS de-batem gestão
 []


Overfull \hbox (1.57536pt too wide) in paragraph at lines 1--104
\TU/DejaVuSerif(0)/m/n/10 de pro-je-tos COIL (Col-lab-o-ra-tive On-line In-ter-n
a-tional Learn-ing) FATEC FRANCO
 []


Overfull \hbox (12.23267pt too wide) in paragraph at lines 1--104
\TU/DejaVuSerif(0)/m/n/10 gera-live-para-angariar-doacoes-para-criancas-e-jovens
-da-ucrania/ A seguir, con-
 []

[432] [433] [434] [435] [436])
(/home/eyamrog/PycharmProjects/vem-corpus/12_cl_st1_claudia_vem/examples/f3_neg
/f3_neg_081.tex)
(/home/eyamrog/PycharmProjects/vem-corpus/12_cl_st1_claudia_vem/examples/f3_neg
/f3_neg_082.tex
Overfull \hbox (5.71321pt too wide) in paragraph at lines 1--12
\TU/DejaVuSerif(0)/m/n/10 in-clui doutorado em Ad-min-is-tração e Su-per-vis
ão Ed-u-ca-cional pela FIU, mestrado
 []

[437])
(/home/eyamrog/PycharmProjects/vem-corpus/12_cl_st1_claudia_vem/examples/f3_neg
/f3_neg_083.tex [438])
(/home/eyamrog/PycharmProjects/vem-corpus/12_cl_st1_claudia_vem/examples/f3_neg
/f3_neg_084.tex)
(/home/eyamrog/PycharmProjects/vem-corpus/12_cl_st1_claudia_vem/examples/f3_neg
/f3_neg_085.tex
Overfull \hbox (7.50227pt too wide) in paragraph at lines 1--16
\TU/DejaVuSerif(0)/m/n/10 com al-guma in-sti-tu-ição de en-sino es-trangeira, preen-cha o ques-tion
ário no Forms:
 []

[439])
(/home/eyamrog/PycharmProjects/vem-corpus/12_cl_st1_claudia_vem/examples/f3_neg
/f3_neg_086.tex [440] [441])
(/home/eyamrog/PycharmProjects/vem-corpus/12_cl_st1_claudia_vem/examples/f3_neg
/f3_neg_087.tex)
(/home/eyamrog/PycharmProjects/vem-corpus/12_cl_st1_claudia_vem/examples/f3_neg
/f3_neg_088.tex
Overfull \hbox (4.73943pt too wide) in paragraph at lines 1--17
[]  \TU/DejaVuSerif(0)/m/n/10 QUEBRA-GELO A equipe dos Pro-je-tos Co-lab-o-ra-ti
vos In-ter-na-cionais (PCIs / Cesu)
 []


Overfull \hbox (47.0096pt too wide) in paragraph at lines 1--17
\TU/DejaVuSerif(0)/m/n/10 tiva: https://cesu.cps.sp.gov.br/ar-rie sguemos-el-por
tunhol-expandindo-os-intercambios-
 []


Overfull \hbox (17.74968pt too wide) in paragraph at lines 1--17
\TU/DejaVuSerif(0)/m/n/10 virtuais-para-o-ensino-medio/. Ol-hando os PCIs nas Fa
tecs, os números do primeiro
 []

[442])
(/home/eyamrog/PycharmProjects/vem-corpus/12_cl_st1_claudia_vem/examples/f3_neg
/f3_neg_089.tex)
(/home/eyamrog/PycharmProjects/vem-corpus/12_cl_st1_claudia_vem/examples/f3_neg
/f3_neg_090.tex [443])
(/home/eyamrog/PycharmProjects/vem-corpus/12_cl_st1_claudia_vem/examples/f3_neg
/f3_neg_091.tex
Overfull \hbox (14.80403pt too wide) in paragraph at lines 1--19
\TU/DejaVuSerif(0)/m/n/10 desde 2019, Emilena Loren-zon Bianco destaca, em en-tr
e-vista con-ce-dida à newslet-
 []

)
(/home/eyamrog/PycharmProjects/vem-corpus/12_cl_st1_claudia_vem/examples/f3_neg
/f3_neg_092.tex [444])
(/home/eyamrog/PycharmProjects/vem-corpus/12_cl_st1_claudia_vem/examples/f3_neg
/f3_neg_093.tex
Overfull \hbox (9.8343pt too wide) in paragraph at lines 1--17
[]  \TU/DejaVuSerif(0)/m/n/10 Procura-se Quer de-sen-volver um Pro-jeto Co-lab-o
-ra-tivo In-ter-na-cional (PCI)? Temos
 []


Overfull \hbox (7.79329pt too wide) in paragraph at lines 1--17
\TU/DejaVuSerif(0)/m/n/10 es-cr-ever para Daives Berga-m-asco (daives.berga-m-as
co@fatec.sp.gov.br) e juntar-
 []


Overfull \hbox (1.69044pt too wide) in paragraph at lines 1--17
\TU/DejaVuSerif(0)/m/n/10 se às nos-sas equipes no Teams PCI Con-nec-tion En-la
ce PCI CON-VITE À LEITURA
 []

[445])
(/home/eyamrog/PycharmProjects/vem-corpus/12_cl_st1_claudia_vem/examples/f3_neg
/f3_neg_094.tex [446])
(/home/eyamrog/PycharmProjects/vem-corpus/12_cl_st1_claudia_vem/examples/f3_neg
/f3_neg_095.tex
Overfull \hbox (8.23763pt too wide) in paragraph at lines 1--15
\TU/DejaVuSerif(0)/m/n/10 da Florida In-ter-na-tional Uni-ver-sity (FIU). Sob a ori-en-ta
ção de Stephanie Doscher,
 []


Overfull \hbox (2.21907pt too wide) in paragraph at lines 1--15
\TU/DejaVuSerif(0)/m/n/10 di-re-tora do es-critório de ini-cia-ti-vas de apren-
diza-gem global, e Martha M. Meyer,
 []


Overfull \hbox (6.85774pt too wide) in paragraph at lines 1--15
\TU/DejaVuSerif(0)/m/n/10 pro-fes-sora de fun-da-men-tos da ed-u-cação, 40 par
-tic-i-pantes (en-tre pós-graduandos
 []

)
(/home/eyamrog/PycharmProjects/vem-corpus/12_cl_st1_claudia_vem/examples/f3_neg
/f3_neg_096.tex [447])
(/home/eyamrog/PycharmProjects/vem-corpus/12_cl_st1_claudia_vem/examples/f3_neg
/f3_neg_097.tex [448])
(/home/eyamrog/PycharmProjects/vem-corpus/12_cl_st1_claudia_vem/examples/f3_neg
/f3_neg_098.tex)
(/home/eyamrog/PycharmProjects/vem-corpus/12_cl_st1_claudia_vem/examples/f3_neg
/f3_neg_099.tex [449]) [450] (./examples.aux)
 ***********
LaTeX2e <2026-06-01>
L3 programming layer <2026-09-09>
 ***********
Package rerunfilecheck Info: File `examples.out' has not changed.
(rerunfilecheck)             Checksum: BDC6080ACF0FEC05AF1958B8AFE8F3E8;564.
)

Here is how much of LuaTeX's memory you used:
 48371 strings out of 475604
 244538,1977958 words of node,token memory allocated
 593 words of node memory still in use:
   6 hlist, 2 vlist, 2 rule, 2 glue, 4 kern, 1 glyph, 13 attribute, 70 glue_spec
, 7 attribute_list, 2 write nodes
   avail lists: 1:2,2:506,3:258,4:65,5:879,6:42,7:28513,8:1,9:493,10:27,11:2628
 66264 multiletter control sequences out of 65536+600000
 37 fonts using 13695735 bytes
 92i,5n,115p,2851b,517s stack positions out of 10000i,1000n,20000p,200000b,200000s
</usr/share/fonts/truetype/dejavu/DejaVuSerif-Bold.ttf></usr/share/fonts/truetyp
e/dejavu/DejaVuSerif-Italic.ttf></usr/share/fonts/truetype/dejavu/DejaVuSerif.tt
f>
Output written on examples.pdf (450 pages, 1939771 bytes).

PDF statistics: 2488 PDF objects out of 2984 (max. 8388607)
 2003 compressed objects within 21 object streams
 976 named destinations out of 1000 (max. 1048576)
 64 words of extra memory for PDF output out of 10000 (max. 100000000)

