_NAME_,Factor1,Factor2,Factor3,Factor4,Factor5,Factor6,loaded,factor,pole
v000001,-0.332637036,-0.14712129,-0.186105261,-0.010227519,0.0565980039,-0.134111637,1,fac1,-1
v000002,-0.44670349,-0.118523829,-0.048383284,-0.095938445,-0.067009252,0.0419771576,1,fac1,-1
v000003,0.1201186916,-0.196571937,-0.062639625,-0.242695459,-0.048714083,0.0534005846,0,,
v000004,-0.143177438,-0.078031134,-0.078070757,-0.05461196,-0.079942129,-0.097369097,0,,
v000005,0.3481776664,-0.248928089,-0.24003885,-0.171466056,-0.367722796,-0.1457651,1,fac5,-1
v000006,0.0543840902,-0.217247801,-0.163581122,-0.130884089,-0.079745272,0.8554634839,1,fac6,1
v000007,-0.496090721,-0.06880842,-0.070032883,-0.010649837,-0.02148334,-0.179053372,1,fac1,-1
v000008,-0.385837009,-0.077533739,-0.077920994,-0.016748534,0.0136344069,-0.029423565,1,fac1,-1
v000009,-0.251924863,-0.131574994,-0.000705397,0.0127435644,-0.055605777,0.027106356,0,,
v000010,-0.418601498,-0.092360924,0.0057680121,-0.095284884,0.0382164148,0.0386642152,1,fac1,-1
v000011,-0.19448906,-0.173724189,-0.153655061,-0.114457811,-0.148086921,0.0086322003,0,,
v000012,0.0465664894,1.1453661443,-0.180036041,-0.090594589,-0.04895462,0.0256250601,1,fac2,1
v000013,0.1509780705,-0.238561998,-0.022888913,-0.004688053,-0.066121461,-0.536241799,1,fac6,-1
v000014,0.7218608945,0.5993804007,0.6842124487,-0.313529173,-0.105819055,-0.500680048,1,fac1,1
v000015,-0.297229535,-0.002102753,0.088712412,0.0529063374,0.0364419768,0.1161237001,0,,
v000016,0.6653503653,-0.282733672,-0.446689177,-0.30411613,-0.47276936,-0.284841966,1,fac1,1
v000017,0.2146764842,-0.185099706,-0.13088155,-0.052880148,1.0376061521,0.0369548787,1,fac5,1
v000018,0.2862103595,-0.127865407,-0.111399373,-0.250217152,-0.170431796,-0.575679061,1,fac6,-1
v000019,-0.414069148,-0.134042215,-0.103267067,-0.121824679,-0.077788157,-0.058488006,1,fac1,-1
v000020,0.0552453881,-0.163578218,-0.0944085,1.3574019827,-0.029864812,0.0322316287,1,fac4,1
v000021,-0.445314413,-0.074959415,-0.087087632,-0.040563515,-0.01569631,-0.030326167,1,fac1,-1
v000022,-0.534383088,-0.112459468,-0.119010692,-0.110683267,-0.090482085,-0.017840797,1,fac1,-1
v000023,0.2313514984,-0.222205758,0.5745254106,0.6377905175,-0.078162419,0.3240977894,1,fac4,1
v000024,0.0523890478,-0.179089039,-0.156660679,-0.229679919,0.053099993,0.1858921963,0,,
v000025,0.1255347616,-0.175766458,-0.262755502,-0.140897162,1.0905093492,0.0776341519,1,fac5,1
v000026,-0.403469426,0.040775984,-0.143223451,0.0989729846,0.0732122683,-0.164482579,1,fac1,-1
v000027,0.0886296219,-0.196521726,0.0788081001,-0.091711706,-0.078591768,-0.618887489,1,fac6,-1
v000028,0.1168292234,-0.17691915,-0.263510471,-0.320693208,-0.171956708,-0.783566794,1,fac6,-1
v000029,0.3005704456,-0.232347615,-0.172713298,-0.204025012,0.6393990673,0.369918451,1,fac5,1
v000030,-0.450638287,-0.079707606,0.036439499,-0.0116184,0.0409933845,0.1086786103,1,fac1,-1
v000031,-0.488284558,-0.134894746,-0.063149522,-0.03194194,-0.13958854,-0.052208252,1,fac1,-1
v000032,0.1182346898,-0.172055874,-0.217609438,-0.182015911,1.2668223194,0.1118649828,1,fac5,1
v000033,0.2082724158,1.1214404042,-0.150266645,-0.050317656,0.0952019539,0.0065741433,1,fac2,1
v000034,-0.328202385,-0.10368729,0.1427376918,-0.030683696,-0.151867358,0.1448502744,1,fac1,-1
v000035,0.105082301,0.9577659395,-0.088466043,-8.53897E-6,-0.121374423,-0.09555428,1,fac2,1
v000036,0.0923895333,-0.124544051,-0.036137709,-0.122496761,0.0736274701,-0.317214692,1,fac6,-1
v000037,-0.377714943,0.0012351939,-0.11152776,0.0929021982,0.1587828096,-0.198749976,1,fac1,-1
v000038,0.3838359729,-0.279697711,-0.473823515,-0.226671423,-0.46835923,0.2185092837,1,fac3,-1
v000039,-0.346659162,-0.131180482,-0.138180581,-0.05122334,0.1474609783,-0.097959532,1,fac1,-1
v000040,0.4525579344,-0.229335394,-0.295333353,-0.256407352,-0.531047457,0.3745984258,1,fac5,-1
v000041,-0.342258415,-0.059626042,-0.024823611,-0.038886113,-0.039662553,-0.045761727,1,fac1,-1
v000042,0.1498264854,-0.119537463,-0.078729803,1.3455124042,-0.137690598,-0.083292824,1,fac4,1
v000043,-0.451739303,-0.101267896,-0.028618836,-0.099845802,-0.044647574,0.0757275128,1,fac1,-1
v000044,0.7331983622,0.5140109817,-0.135750153,-0.139182889,-0.212203383,0.2494706392,1,fac1,1
v000045,-0.492597274,-0.101771834,-0.100403533,-0.142130854,-0.161742379,-0.007938456,1,fac1,-1
v000046,-0.424447551,-0.058343435,-0.112000449,-0.055090423,-0.031336995,-0.202400707,1,fac1,-1
v000047,0.3240329043,0.9555475684,-0.107753596,-0.010763808,0.0618566912,-0.144152641,1,fac2,1
v000048,-0.307564683,-0.10697398,-0.098754474,-0.10164361,-0.14378911,0.002088568,1,fac1,-1
v000049,-0.432579981,-0.079566183,-0.123782029,-0.062283541,-0.106423231,0.0651147836,1,fac1,-1
v000050,-0.078131204,-0.163421251,-0.160458895,-0.069148916,0.0117159202,-0.263652341,0,,
v000051,0.6513197743,0.5304594356,-0.174149077,-0.191218607,-0.09695422,0.3064811337,1,fac1,1
v000052,0.4834487103,0.3373561373,-0.132576442,0.2888853726,-0.068761979,0.3010425549,1,fac1,1
v000053,0.0508396773,-0.14777511,-0.134283034,1.3257804368,-0.080890205,-0.002461718,1,fac4,1
v000054,0.8376319817,-0.312475664,-0.207071502,0.3394256203,0.3914749793,0.0960312136,1,fac1,1
v000055,0.3859853881,-0.159626825,-0.263677094,-0.43740495,-0.046946207,-0.575285196,1,fac6,-1
v000056,0.5857494842,-0.290983754,-0.237354159,-0.158112464,-0.522824337,0.1033317312,1,fac1,1
v000057,0.7770633064,-0.361822379,-0.131213266,-0.230720796,-0.362438988,-0.081959289,1,fac1,1
v000058,0.0897836117,-0.205975376,-0.155143137,1.3043755034,-0.10881509,-0.006908404,1,fac4,1
v000059,0.6620416009,-0.253043723,-0.409277552,0.4495183485,-0.470026953,0.2776781375,1,fac1,1
v000060,-0.382550135,-0.113758182,0.0096327902,-0.000681335,0.0763810287,0.1534751304,1,fac1,-1
v000061,0.3444598698,-0.199542269,0.696520663,0.6016275424,-0.208514299,-0.056731974,1,fac3,1
v000062,-0.472506372,-0.11943685,-0.03148364,-0.030568033,-0.060856005,0.1101504164,1,fac1,-1
v000063,-0.120949119,-0.073738801,-0.058657814,-0.062252028,-0.021963447,0.5246123129,1,fac6,1
v000064,-0.16164852,-0.212505773,-0.120346557,0.0708109174,0.0125917864,-0.287804491,0,,
v000065,0.0054930802,-0.215363915,0.0779406011,-0.176775729,-0.178343501,-0.341302457,1,fac6,-1
v000066,0.0911867028,-0.270058481,-0.138097431,-0.141042221,-0.205758254,0.1017845987,0,,
v000067,0.3713915834,0.723521251,-0.092833432,0.7835686402,-0.080486595,0.0650004134,1,fac4,1
v000068,0.5529202943,0.0566698273,-0.319610461,0.0794351961,0.2199757976,0.2513110217,1,fac1,1
v000069,0.655262327,-0.207970432,0.7512013018,0.6108020538,-0.249632769,-0.553159747,1,fac3,1
v000070,-0.474667359,-0.128765445,-0.049122422,0.001556757,-0.0581301,0.0001230584,1,fac1,-1
v000071,-0.393136364,-0.082922362,-0.048820655,-0.081895077,-0.073560918,0.0122816243,1,fac1,-1
v000072,0.5239853609,0.4189149514,-0.229476878,0.2563383467,0.4018722401,-0.024673232,1,fac1,1
v000073,0.6575395286,0.3174564782,-0.140020048,-0.168417707,0.4269386418,-0.225889856,1,fac1,1
v000074,-0.422662246,-0.07761796,0.0203957576,0.0266473506,-0.034289639,0.0705750528,1,fac1,-1
v000075,-0.136461387,-0.076280691,-0.140695599,0.0308184599,-0.011968816,-0.088375456,0,,
v000076,-0.336566597,-0.046775666,0.0002970397,0.0531450756,-0.15900573,-0.099107616,1,fac1,-1
v000077,0.2987767974,0.1484354264,0.2485873174,0.1973999476,-0.216760609,0.3618148155,1,fac6,1
v000078,0.0951705291,-0.151729617,-0.023775751,-0.005594642,-0.035708173,0.4212783775,1,fac6,1
v000079,0.0930314248,-0.087596402,-0.032250619,0.0099861678,0.0226240051,-0.06775578,0,,
v000080,0.6469868605,-0.30413563,-0.294302932,0.831724933,-0.431400181,0.1318717214,1,fac4,1
v000081,-0.504741792,-0.080497064,-0.046693582,-0.091877101,-0.051074375,-0.041153108,1,fac1,-1
v000082,0.4089494198,-0.181316902,-0.204394088,1.0116309386,0.9864231071,0.1005092626,1,fac4,1
v000083,0.3658715046,-0.343563573,-0.115397065,0.0458000597,-0.027953039,-0.423249528,1,fac6,-1
v000084,-0.388722494,-0.101188022,-0.101992932,-0.092837393,-0.045821205,-0.061970581,1,fac1,-1
v000085,0.1294215802,-0.219078832,0.1549324875,-0.178016682,-0.151265379,-0.376343073,1,fac6,-1
v000086,-0.03907949,-0.169053216,0.0035227536,-0.026660402,0.0458136648,-0.098988334,0,,
v000087,0.2901254963,1.1850037664,-0.143187319,-0.119999516,-0.139372431,0.1011130181,1,fac2,1
v000088,-0.394986869,-0.139680615,-0.117621849,-0.050522904,-0.132891661,-0.043393692,1,fac1,-1
v000089,0.6119049403,-0.343365679,-0.349873046,-0.237622763,-0.454534106,0.8702976543,1,fac6,1
v000090,0.4277546927,-0.185424169,0.007615291,-0.262816067,1.0773928523,-0.070506088,1,fac5,1
v000091,0.5530713378,0.4570383067,0.4426050722,0.4336878259,0.4140451463,0.1602617453,1,fac1,1
v000092,-0.372849588,-0.027607797,-0.01551206,0.0693728823,0.1274738278,-0.211201735,1,fac1,-1
v000093,-0.448165594,-0.107717351,-0.117334558,-0.068266954,-0.033841874,-0.06477609,1,fac1,-1
v000094,-0.401194856,-0.07201494,-0.051033445,-0.026695639,-0.082357867,-0.001835148,1,fac1,-1
v000095,-0.521806523,-0.093008374,-0.041918399,-0.069518863,-0.035794679,-0.001662827,1,fac1,-1
v000096,-0.389165163,-0.029684932,-0.075718997,0.0290313847,0.1058004979,-0.21706355,1,fac1,-1
v000097,0.079945306,-0.196823457,1.3056905429,-0.117402104,-0.103931015,-0.018095839,1,fac3,1
v000098,-0.062312151,-0.175348147,0.8775479286,0.07126415,0.0145927446,0.0097724913,1,fac3,1
v000099,0.1316271252,-0.145092178,-0.279974463,-0.311206583,-0.15037345,-0.619900481,1,fac6,-1
v000100,-0.105473741,-0.081208299,0.1528376153,-0.11094236,-0.051427889,-0.071072606,0,,
v000101,0.1879192273,-0.122840998,1.1910660302,-0.02389228,-0.068413275,-0.127839833,1,fac3,1
v000102,-0.060636324,-0.147481148,-0.116673204,0.1271870969,-0.021573796,-0.446664137,1,fac6,-1
v000103,0.5201542564,0.8062869136,-0.271496169,-0.13358589,-0.484888629,0.1050474044,1,fac2,1
v000104,-0.130711251,-0.104628147,0.0931119529,-0.109657651,-0.049236215,0.0296412443,0,,
v000105,-0.332907849,-0.066884375,-0.146778836,-0.111389249,-0.10378741,0.0424303437,1,fac1,-1
v000106,0.1089413361,1.2183004926,-0.14530331,-0.034942789,-0.059125322,0.0289808526,1,fac2,1
v000107,-0.095643669,-0.150672747,0.0832925252,-0.156692924,-0.056033151,-0.306671896,1,fac6,-1
v000108,0.1612389494,-0.193583758,1.3021342368,-0.122104957,-0.003049296,-0.040579018,1,fac3,1
v000109,0.6039990515,-0.226730536,-0.217163041,-0.383530295,-0.12376344,-0.039562023,1,fac1,1
v000110,-0.479765704,-0.052385776,-0.053501564,0.0206068849,0.0095322428,0.0549513064,1,fac1,-1
v000111,-0.198042074,-0.147298086,-0.091838637,-0.008045637,-0.096986339,-0.339619496,1,fac6,-1
v000112,-0.250121846,-0.087444073,0.0156412605,-0.120471942,-0.040848716,-0.148788083,0,,
v000113,0.306431983,-0.135844911,-0.127751847,1.1579218704,-0.111274331,0.4330321613,1,fac4,1
v000114,0.1645994805,-0.078295303,-0.078328847,-0.033190294,0.0091911794,0.261431882,0,,
v000115,-0.039120226,-0.118306846,0.0309039044,-0.141323442,-0.152744387,0.0320397905,0,,
v000116,-0.434552466,-0.046527473,-0.095276168,-0.080555287,-0.061632583,-0.00739893,1,fac1,-1
v000117,0.4639270458,-0.202526572,0.0796166839,-0.285253358,-0.157525358,-0.695149763,1,fac6,-1
v000118,-0.35650284,-0.118800009,0.00109108,0.0176238954,0.0887756749,0.0880513993,1,fac1,-1
v000119,0.2237236907,-0.176106817,-0.166737137,-0.059005778,-0.110260319,0.7134635432,1,fac6,1
v000120,0.0605922917,-0.166683966,-0.152412234,-0.128652561,0.0150940075,0.81257411,1,fac6,1
v000121,-0.354380907,-0.046764672,-0.024446574,0.0224038017,-0.104453913,-0.182510217,1,fac1,-1
v000122,0.3442017543,-0.209336601,-0.287399897,-0.291185669,-0.103908034,-0.88054198,1,fac6,-1
v000123,0.3528360097,-0.223108217,0.3829679793,-0.28422165,-0.4904006,-0.204529043,1,fac5,-1
v000124,0.5755772835,0.3458697448,0.5149016667,-0.323949541,-0.132164399,-0.251088926,1,fac1,1
v000125,0.5899233647,-0.259829313,1.0369344426,-0.229111417,1.0100290291,0.1238905735,1,fac3,1
v000126,-0.319135063,-0.040297091,0.0151914491,0.0353268823,0.007600325,-0.090891712,1,fac1,-1
v000127,0.6750340832,-0.226217919,-0.206193505,0.5981560335,0.4443144548,0.2889371637,1,fac1,1
v000128,0.1450053494,-0.157623481,0.02197329,-0.035616849,-0.043302608,0.3844738629,1,fac6,1
v000129,0.7404430318,0.6113285361,-0.365745976,-0.328280537,-0.362467974,-0.135935704,1,fac1,1
v000130,0.1160537851,1.2841165889,-0.157424575,-0.058595069,-0.035732908,-0.077430842,1,fac2,1
v000131,0.7052513636,0.6296731367,-0.25264088,-0.227310803,-0.146791615,0.7862797981,1,fac6,1
v000132,-0.238416922,-0.164342335,-0.055197072,-0.082608826,-0.139515884,0.0395760808,0,,
v000133,-0.117414308,-0.105335661,0.0111173868,-0.088567221,-0.015977632,-0.19481353,0,,
v000134,0.3312000857,0.3180716948,0.3212444816,0.3240633691,-0.197669325,-0.393939811,1,fac6,-1
v000135,-0.055641959,-0.23135945,0.7712886888,-0.025484395,-0.100051153,0.0741413416,1,fac3,1
v000136,0.3920017594,-0.281167162,0.7161404786,0.7123468609,-0.027678588,0.5329699891,1,fac3,1
v000137,0.5782408376,0.6141542852,0.6534001952,-0.246835211,-0.121739609,0.5378593468,1,fac3,1
v000138,-0.507968015,-0.104209284,-0.030858694,-0.036561143,-0.067222933,0.0326320124,1,fac1,-1
v000139,0.1305349659,-0.146673749,-0.18345217,-0.30835391,-0.082320808,-0.688680644,1,fac6,-1
v000140,0.1770306902,0.8273308243,-0.11009315,-0.155016108,-0.187320689,0.188015486,1,fac2,1
v000141,0.6112135606,0.8604717996,-0.373431272,-0.168893037,-0.432536792,0.2138646508,1,fac2,1
v000142,0.1430698955,1.2628978015,-0.128977791,-0.105929459,-0.071265802,0.0477491408,1,fac2,1
v000143,0.5614461245,-0.288885683,0.1432869008,0.1673193544,0.0730239217,-0.165263535,1,fac1,1
v000144,0.1402741211,-0.228958591,-0.18134426,-0.002488922,-0.041717824,0.43139173,1,fac6,1
v000145,-0.281994962,-0.13087243,-0.117286069,-0.093091632,0.016730697,0.020295654,0,,
v000146,0.6084023461,-0.274378453,-0.359666077,0.6533407647,0.6395149536,-0.466075945,1,fac4,1
v000147,-0.42229509,-0.145139719,-0.130014326,-0.087458275,-0.032184573,0.0364013201,1,fac1,-1
v000148,0.5940053409,-0.231861531,1.1189345251,-0.329295649,-0.160213838,-0.708429216,1,fac3,1
v000149,0.1143859644,-0.146927404,-0.093754731,-0.068222924,-0.126997101,0.4915388792,1,fac6,1
v000150,-0.390035576,-0.073055687,-0.097371094,0.0249087316,-0.009114088,0.1273701606,1,fac1,-1
v000151,-0.424891387,0.0209097694,-0.112781257,-0.025544918,-0.084365288,-0.024934216,1,fac1,-1
v000152,0.2362864075,0.969295998,0.088690256,-0.037123041,0.0484041173,-0.343417482,1,fac2,1
v000153,-0.462015492,-0.057132618,-0.048510711,-0.03404061,-0.07272335,-0.084616586,1,fac1,-1
v000154,-0.056785759,-0.185756011,-0.171790737,-0.101997625,-0.014553836,0.8748797325,1,fac6,1
v000155,0.3220063055,-0.187880995,-0.174870957,0.7789192583,0.0055690034,0.8298783869,1,fac6,1
v000156,0.8352831649,-0.243422344,-0.340862048,-0.24005348,-0.291925732,-0.412806622,1,fac1,1
v000157,0.3905349051,-0.306766095,-0.169006044,-0.110039826,-0.083807857,-0.744743254,1,fac6,-1
v000158,-0.420695657,-0.101389466,-0.039649155,-0.063134247,-0.115267614,0.0678604922,1,fac1,-1
v000159,-0.482302827,-0.06944718,-0.09649153,0.0050694662,0.0181976336,-0.017949675,1,fac1,-1
v000160,0.103581738,1.3008303088,-0.104167113,-0.102498258,-0.055629141,0.0496395698,1,fac2,1
v000161,0.7937514232,-0.347483556,-0.411072117,0.9934630866,-0.426156568,-0.021136253,1,fac4,1
v000162,0.2537195036,0.8669384653,-0.169246167,-0.027188105,-0.060497624,-0.061086785,1,fac2,1
v000163,-0.180638522,-0.130152622,0.01672963,-0.178193883,-0.104977914,0.1971576922,0,,
v000164,0.0869211533,-0.156151605,-0.16719823,-0.168274387,1.277780864,0.1020683364,1,fac5,1
v000165,0.4756696183,0.1062181333,0.3791928908,0.2126393336,-0.087123825,-0.06554044,1,fac1,1
v000166,0.0992796418,-0.173614539,0.5184734935,-0.083485614,-0.07232064,0.1520480942,1,fac3,1
v000167,0.1031170867,1.1699069835,-0.163760982,-0.107290216,-0.05168462,0.0397437826,1,fac2,1
v000168,-0.152508174,-0.104447915,-0.053012711,-0.063732215,-0.16919231,-0.050323403,0,,
v000169,-0.465143004,-0.086537393,-0.068152978,-0.025387384,-0.084282435,0.0970800855,1,fac1,-1
v000170,-0.288306318,-0.03447956,-0.012624311,0.0165942695,0.0434698401,0.1354943404,0,,
v000171,0.3003795056,-0.258975284,-0.223558681,-0.088574182,1.2427341468,-0.191689256,1,fac5,1
v000172,0.2317700764,-0.085763802,-0.193409213,0.0433933733,-0.013828375,-0.754990341,1,fac6,-1
v000173,0.0032544564,-0.136135319,0.1125209679,-0.289768482,-0.252605477,0.0607529025,0,,
v000174,0.4761516452,0.9128036033,-0.173483558,-0.15008289,0.8853269038,-0.110373213,1,fac2,1
v000175,-0.142142528,-0.072291793,-0.147170608,-0.241691004,0.0099339763,0.2034498512,0,,
v000176,0.4986080934,-0.295328877,-0.254620285,0.3976120538,-0.111575219,0.1080201423,1,fac1,1
v000177,-0.4324778,-0.166995603,-0.193691114,-0.116544716,-0.07073336,0.0165624954,1,fac1,-1
v000178,-0.406267385,-0.11539314,-0.097601209,-0.096792086,-0.083530158,0.0330531363,1,fac1,-1
v000179,-0.01225235,-0.08386435,-0.107940042,-0.09967335,0.0088772158,0.4642023883,1,fac6,1
v000180,-0.445129757,-0.122142378,-0.085586795,-0.115240846,-0.060666448,0.071330425,1,fac1,-1
v000181,0.2221621238,1.0105022785,-0.140810786,-0.041866103,-0.144613718,-0.210813655,1,fac2,1
v000182,0.2065810505,-0.148211124,-0.146182693,-0.029034243,-0.088893467,0.4867943299,1,fac6,1
v000183,-0.209742983,-0.197777421,-0.090848108,-0.004859705,-0.051270376,-0.035546926,0,,
v000184,-0.374723502,-0.113773981,-0.114389072,-0.082826735,-0.121167956,-0.00429942,1,fac1,-1
v000185,-0.128047175,-0.17620004,-0.124431251,0.0542466234,-0.102211077,-0.373743559,1,fac6,-1
v000186,0.0828390417,-0.092497875,-0.053655168,0.0845556333,0.196529096,-0.188127978,0,,
v000187,0.3259568504,0.7704257015,-0.097031701,-0.019010444,0.0432884108,-0.25975401,1,fac2,1
v000188,0.179734264,-0.137311047,0.1564724808,-0.279994056,0.0840891861,-0.316047386,1,fac6,-1
v000189,0.3856351117,-0.272604711,-0.410745707,-0.173976614,-0.433822086,0.1908622611,1,fac5,-1
v000190,-0.202979866,-0.054918843,0.047182797,-0.021727906,-0.089945841,0.1513952664,0,,
v000191,0.202394104,-0.144339433,-0.216922139,-0.034239041,-0.09164042,-0.704710846,1,fac6,-1
v000192,0.3542151055,-0.173072828,-0.177433368,-0.320636402,1.2901972091,0.2041746634,1,fac5,1
v000193,0.0916571741,1.2852389578,-0.134650653,-0.090380226,-0.050702472,0.0774813504,1,fac2,1
v000194,-0.433399769,-0.016749694,-0.126603059,-0.033780887,-0.051811494,-0.017781729,1,fac1,-1
v000195,-0.362254783,-0.093191515,0.0336278048,0.0583843547,-0.131515833,-0.144740058,1,fac1,-1
v000196,0.0279403143,-0.17589703,1.0876458559,-0.081456271,-0.04955128,-0.017013026,1,fac3,1
v000197,0.1145017804,-0.192556809,-0.118779395,1.3203923098,0.0087501792,0.094332785,1,fac4,1
v000198,0.9403217594,0.4932649948,-0.415219626,0.5107160941,0.4264894423,0.5193375663,1,fac1,1
v000199,0.368356499,-0.224194549,-0.123288469,1.1618277655,-0.041334832,0.0346963574,1,fac4,1
v000200,-0.048530958,-0.091198606,-0.014043425,-0.042531167,0.0356363287,0.0488946346,0,,
v000201,0.6783997916,-0.003646915,-0.307394015,-0.010233393,0.1513236101,0.2331799581,1,fac1,1
v000202,-0.4402463,-0.057521045,-0.102288067,-0.096677366,-0.152799587,0.0264052583,1,fac1,-1
v000203,-0.114668226,-0.167447528,0.0416087173,-0.237595254,-0.205489673,-0.044962728,0,,
v000204,-0.119484937,-0.098169068,-0.000886408,-0.176140505,-0.210720793,-0.007676275,0,,
v000205,-0.539094305,-0.055417981,-0.10725565,-0.052384158,-0.067338521,-0.070097714,1,fac1,-1
v000206,-0.040493945,-0.178014286,-0.100430283,-0.122769946,0.0198573228,0.9404013988,1,fac6,1
v000207,0.3281298781,-0.196342945,1.2976298368,-0.111124385,0.015099924,-0.039574836,1,fac3,1
v000208,0.5106049535,-0.268748242,0.5453633909,-0.162696677,-0.423638907,0.3674094974,1,fac3,1
v000209,-0.366354447,-0.174459542,-0.073606829,-0.090851871,-0.003146998,0.0428589371,1,fac1,-1
v000210,-0.453429491,-0.081340743,-0.047617381,0.0149988132,0.0705086133,-0.028775134,1,fac1,-1
v000211,0.6216606386,-0.256789031,-0.41992613,-0.180162886,-0.438237945,0.6383337462,1,fac6,1
v000212,-0.38157513,-0.068208086,-0.115539478,-0.103780512,-0.059233327,0.1039051694,1,fac1,-1
v000213,0.0967761801,-0.189910593,0.3225960445,-0.064885595,0.4635727963,0.3404196634,1,fac5,1
v000214,-0.335994337,-0.115098366,-0.124071662,-0.066203014,-0.089754928,0.0639424707,1,fac1,-1
v000215,0.0549546508,1.1884126562,-0.120172545,-0.12104261,-0.066308952,0.0819580529,1,fac2,1
v000216,0.4394978326,0.3116326712,0.2568257521,-0.136906886,-0.066982239,-0.220979077,1,fac1,1
v000217,-0.127595017,-0.06401045,0.1078410672,-0.068055265,0.0283488695,0.0908963761,0,,
v000218,-0.412721697,-0.101218892,-0.096186585,-0.072437605,-0.043115975,0.0109046546,1,fac1,-1
v000219,0.5188303107,-0.164685065,-0.344289814,-0.348776724,-0.46241143,-0.201352626,1,fac1,1
v000220,0.1759481204,1.2282274339,-0.190315747,-0.141198016,-0.05298657,0.1820287788,1,fac2,1
v000221,-0.331989526,-0.009833887,-0.082613328,-0.011856545,-0.104752953,-0.055433851,1,fac1,-1
v000222,0.7306216118,0.9385968822,-0.287685629,-0.368730561,0.816212011,-0.349003007,1,fac2,1
v000223,0.6164064986,0.080724789,0.1785478791,0.1690018112,-0.259500769,-0.092232458,1,fac1,1
v000224,0.1627238663,-0.111391169,-0.036829658,-0.058773039,0.0612369365,0.4554838281,1,fac6,1
v000225,0.113745477,-0.153669757,0.1045085306,-0.180652801,-0.100361372,-0.03822394,0,,
v000226,0.720391088,-0.081068505,0.0224448818,-0.025512306,0.1797694692,0.0562147482,1,fac1,1
v000227,0.3265623514,-0.334770592,0.8919272685,-0.02630253,-0.024451111,-0.190539179,1,fac3,1
v000228,0.4322001822,0.7696223202,0.0484057523,-0.176919168,0.7073765643,-0.171535814,1,fac2,1
v000229,0.3072717583,0.9162873563,0.9178914139,-0.088574596,-0.083222153,0.0010954669,1,fac3,1
v000230,0.5762409749,-0.180875884,-0.262927178,0.6939162152,0.7054407971,-0.501289002,1,fac5,1
v000231,-0.129706858,-0.157019852,0.1287476021,-0.110517514,-0.073648669,-0.34275541,1,fac6,-1
v000232,-0.47980007,-0.07149926,-0.07271881,-0.123004937,-0.060306236,0.0225340918,1,fac1,-1
v000233,0.0643648122,-0.199323879,-0.144774276,-0.088387659,-0.054973304,-0.133587216,0,,
v000234,0.3322342145,-0.180285714,-0.188527819,0.6046670683,-0.133743523,-0.629504662,1,fac6,-1
v000235,0.7338663572,-0.263556186,-0.244498399,-0.250140658,-0.192189206,-0.334578522,1,fac1,1
v000236,0.4689317776,-0.205453279,-0.112671056,-0.148546887,0.9182848314,-0.084068338,1,fac5,1
v000237,-0.03663134,-0.101140204,-0.063272759,-0.04293328,-0.091251223,0.3293396745,1,fac6,1
v000238,0.8473949948,-0.329349041,0.5313078896,-0.35215296,0.3989303467,0.1795492726,1,fac1,1
v000239,-0.485471145,-0.093912925,-0.116986242,-0.12883079,-0.073666159,0.0156204895,1,fac1,-1
v000240,0.3319517745,-0.198371245,-0.16562284,-0.211891485,1.1507330001,-0.077486595,1,fac5,1
v000241,0.1535631459,-0.212155574,0.7762020618,-0.124169061,-0.270119179,-0.183859973,1,fac3,1
v000242,-0.3798141,-0.000533685,-0.019294257,-0.010018234,-0.02744196,-0.028567642,1,fac1,-1
v000243,-0.419411658,-0.050274093,-0.058628293,-0.070511698,0.0116938508,-0.028688532,1,fac1,-1
v000244,-0.503501375,-0.068680875,-0.120999012,-0.070040658,-0.101031814,-0.009497553,1,fac1,-1
v000245,0.4988540303,-0.247577431,-0.051593061,-0.354051534,0.7472530087,-0.728341974,1,fac5,1
v000246,-0.409349893,-0.069079658,-0.097772395,-0.067209762,-0.127137846,-0.009264327,1,fac1,-1
v000247,-0.00857768,0.4510861139,-0.227351656,-0.006731954,-0.153572172,0.103170973,1,fac2,1
v000248,0.351518925,-0.2396952,1.3401702642,-0.218181967,-0.179254418,-0.073717404,1,fac3,1
v000249,0.952215756,-0.314336312,0.4281033981,0.3200725533,0.4395800826,-0.333182586,1,fac1,1
v000250,0.0552453881,-0.163578218,-0.0944085,1.3574019827,-0.029864812,0.0322316287,1,fac4,1
v000251,0.7572679746,-0.284148601,0.4942011148,0.5472025075,-0.23508324,-0.224541997,1,fac1,1
v000252,-0.378912087,-0.044508805,-0.01476866,0.0542160595,-0.093554231,-0.163254025,1,fac1,-1
v000253,-0.158729031,-0.145127222,0.1070285063,-0.163925945,-0.09784958,-0.369679049,1,fac6,-1
v000254,-0.214370432,-0.127688954,0.1232926798,0.0480081688,-0.070045447,0.1382870252,0,,
v000255,-0.031132904,-0.19388464,-0.214790826,-0.054219777,0.1485490911,-0.283006195,0,,
v000256,0.4381776834,-0.220747029,-0.299511249,-0.022219564,0.781195833,-0.394140666,1,fac5,1
v000257,0.0606956747,1.1932790879,-0.168324663,-0.106705873,-0.103833239,0.0891084324,1,fac2,1
v000258,-0.405439352,-0.036658085,-0.110469126,-0.05686723,-0.000287987,-0.040872825,1,fac1,-1
v000259,0.783839565,0.6548562009,-0.363097751,-0.213001632,0.4701383686,0.1327729896,1,fac1,1
v000260,-0.242396203,-0.068974502,-0.162758399,-0.04585475,-0.109189523,-0.093387183,0,,
v000261,-0.045006965,0.6425847644,0.0093315011,-0.009675517,-0.121140343,0.3852919622,1,fac2,1
v000262,0.063193204,1.2010578911,-0.114921598,-0.000618169,0.0629405391,-0.041266099,1,fac2,1
v000263,0.7750019018,0.1492563608,0.2649039657,-0.319641004,-0.197416719,-0.327042509,1,fac1,1
v000264,0.0940834432,-0.125601269,1.2342130298,-0.103362833,-0.105579873,-0.038759486,1,fac3,1
v000265,-0.289105269,-0.102786337,0.1179402076,-0.042764614,-0.010422399,-0.172725681,0,,
v000266,0.2834010631,-0.265162569,0.7175899077,-0.113754796,0.6654725556,-0.043167299,1,fac3,1
v000267,0.3318022691,-0.265213438,-0.185523579,1.1652931341,-0.121360125,0.0840302863,1,fac4,1
v000268,0.0134013012,-0.193732973,-0.001886998,-0.109872937,-0.07140126,-0.159897775,0,,
v000269,-0.357791608,-0.066814901,0.0206492717,-0.04806342,-0.116055641,0.0355847856,1,fac1,-1
v000270,0.3053956576,0.6805171613,-0.196758526,-0.135600168,0.7354993496,0.022018469,1,fac5,1
v000271,0.3633095064,0.7889809,0.8331507777,-0.13849014,-0.09930312,0.0208306792,1,fac3,1
v000272,0.1253256791,-0.189915066,1.3166833082,-0.076288385,-0.020488764,0.0170110232,1,fac3,1
v000273,-0.341235397,-0.117697807,-0.126941075,-0.029665445,-0.068117392,-0.025063563,1,fac1,-1
v000274,0.6972740707,-0.281594848,-0.263158727,0.6275412385,-0.249253577,-0.128154835,1,fac1,1
v000275,0.6034097797,0.4601581578,-0.159398179,-0.173264646,-0.090770106,-0.683378942,1,fac6,-1
v000276,-0.289299234,-0.170815115,-0.057934914,-0.109392313,-0.047480184,0.1177242129,0,,
v000277,-0.374999306,-0.083250652,-0.083219346,-0.121835916,-0.072117848,-0.040045906,1,fac1,-1
v000278,0.6139170773,-0.250713265,-0.25791794,-0.330228506,0.92474413,-0.493923874,1,fac5,1
v000279,0.4756556394,-0.168068449,-0.127689441,-0.258381463,0.4652703859,-0.47088461,1,fac1,1
v000280,1.0568600516,0.3688272298,-0.325223551,0.3632227742,0.2394937895,-0.333159493,1,fac1,1
v000281,0.0687912672,1.1599155205,-0.142818827,-0.049271464,-0.040139419,-0.019105223,1,fac2,1
v000282,0.2800312565,-0.221473274,1.2242713799,-0.21798398,-0.185542075,-0.040425847,1,fac3,1
v000283,0.1195638974,-0.177535057,-0.168405427,-0.055437658,-0.089919453,0.542897337,1,fac6,1
v000284,0.2187244576,-0.102941877,-0.210600845,-0.260726255,1.108940202,0.1136125308,1,fac5,1
v000285,-0.232243741,-0.026197786,-0.070611024,-0.047681287,-0.089780756,-0.194534716,0,,
v000286,0.7153111162,0.162543109,0.1139004281,-0.35268569,0.2009422512,0.3271037942,1,fac1,1
v000287,-0.353920249,-0.090309637,-0.011621499,-0.0566319,-0.012699269,0.0297158744,1,fac1,-1
v000288,-0.321651124,-0.058071972,-0.043299703,-0.131317889,-0.033465658,0.1001853666,1,fac1,-1
v000289,0.8523851072,-0.373140125,0.5892387405,0.7338114077,-0.390116383,-0.020444762,1,fac1,1
v000290,0.9010972011,0.0198007174,0.2292700713,0.1178078977,0.1793261975,-0.246778282,1,fac1,1
v000291,-0.140073503,-0.093980483,-0.144730384,-0.192144322,0.1381784338,0.1157519982,0,,
v000292,0.6527481321,-0.196457327,-0.202237975,-0.304587425,0.3307760126,0.1973646348,1,fac1,1
v000293,0.0348189203,-0.14727338,-0.123157849,-0.156555989,1.0844923715,0.0196934137,1,fac5,1
v000294,0.7029786831,0.1673441082,0.367888102,-0.223895828,-0.237261775,0.1148076183,1,fac1,1
v000295,0.5328901686,0.9445069211,-0.24481361,-0.204592834,-0.151087479,-0.49425996,1,fac2,1
v000296,0.1125712596,-0.171627008,1.2850367943,-0.144748078,-0.075294222,-0.005537123,1,fac3,1
v000297,-0.253140858,-0.020787271,-0.107717098,-0.023406754,-0.029571785,0.001069881,0,,
v000298,0.1958641279,0.4947905504,-0.030590114,-0.010759424,-0.101600959,-0.08645459,1,fac2,1
v000299,0.690272025,-0.327542027,0.5819109302,-0.261273914,-0.406179021,0.6603492416,1,fac1,1
v000300,0.559636908,-0.278979746,-0.443738181,-0.160068926,-0.412797047,-0.436754134,1,fac1,1
v000301,0.0477070071,-0.063656636,-0.026082138,0.046351674,-0.269357571,-0.2979548,0,,
v000302,-0.253564895,-0.033558167,0.0153270433,-0.188157671,-0.156162726,0.12958301,0,,
v000303,-0.145763332,-0.045904273,0.1278821247,-0.029597547,-0.168020213,-0.186815926,0,,
v000304,0.4778112315,-0.310665042,0.5617552865,0.5172022198,-0.078362496,0.0325688997,1,fac3,1
v000305,0.1384405714,0.7517953853,-0.080711557,-0.092581726,-0.048854001,0.6026660459,1,fac2,1
v000306,0.4655287866,-0.271395389,0.4176358211,0.3069806514,-0.201614962,-0.250057616,1,fac1,1
v000307,-0.344711362,-0.027580502,-0.16316592,-0.000797548,-0.047748207,-0.15445842,1,fac1,-1
v000308,-0.177556397,-0.084890209,-0.158015113,-0.123143139,-0.014040884,0.2135719286,0,,
v000309,-0.386706226,-0.09232649,-0.065930545,-0.132125674,-0.068608371,-0.099810208,1,fac1,-1
v000310,-0.346996424,-0.100431304,-0.14894061,-0.081071147,-0.077744913,-0.011321345,1,fac1,-1
v000311,-0.37850112,-0.040474724,-0.003676392,-0.105421314,-0.060927758,-0.023147114,1,fac1,-1
v000312,0.109065021,-0.172925988,0.1469646514,-0.08033157,-0.07835874,-0.623962311,1,fac6,-1
v000313,-0.228811092,-0.188829531,-0.121684016,-0.077318747,-0.063041873,0.03734886,0,,
v000314,0.7246409111,0.0831575668,0.1889280731,0.1843504504,0.1619432749,-0.646089781,1,fac1,1
v000315,0.4450565188,0.974609249,-0.264890418,-0.270922339,-0.112475743,-0.497610422,1,fac2,1
v000316,0.2930325753,-0.10473636,-0.086536615,0.7350093123,-0.194947567,0.2251079802,1,fac4,1
v000317,0.4709432093,-0.310507675,-0.264440945,-0.191464132,-0.400102485,0.3087568375,1,fac1,1
v000318,0.3793209559,0.9006461954,-0.295270352,-0.251966797,-0.203773223,-0.348323611,1,fac2,1
v000319,0.679483562,-0.254849491,-0.440113741,-0.342695955,-0.376155287,-0.377631645,1,fac1,1
v000320,0.688388227,-0.207909,0.5200831268,0.3652448427,0.4858288827,0.2907475505,1,fac1,1
v000321,0.3442017544,-0.209336601,-0.287399897,-0.291185669,-0.103908034,-0.88054198,1,fac6,-1
v000322,-0.437416613,-0.061476253,-0.133255218,-0.058548257,-0.01232547,-0.01739729,1,fac1,-1
v000323,0.2046063914,-0.195591968,-0.273925442,-0.262273994,0.0145641459,-0.788190008,1,fac6,-1
v000324,-0.289801957,-0.066013188,-0.148674947,-0.16248258,-0.16438963,0.0060441538,0,,
v000325,0.4357409193,-0.263818388,-0.421752546,-0.253457212,-0.477688675,0.20319097,1,fac5,-1
v000326,0.162116284,-0.09322074,-0.041603832,1.0198251838,-0.069258765,-0.330527795,1,fac4,1
v000327,0.6903618835,-0.280737013,0.6137893381,-0.283799244,-0.42561552,0.0335890373,1,fac1,1
v000328,0.4029175659,-0.124591097,0.0035113607,-0.21232983,0.6185998729,0.5694818212,1,fac5,1
v000329,0.1839975338,-0.194794263,1.3416389066,-0.149754001,-0.029917022,-0.179962684,1,fac3,1
v000330,0.2424188593,-0.119183926,0.0195397981,-0.203968971,-0.227931101,-0.22706991,0,,
v000331,-0.288624836,-0.001181216,-0.023618595,0.0516601501,-0.101501852,-0.137091674,0,,
v000332,0.2986789123,-0.200666265,0.8284057614,-0.178313769,-0.063488193,0.6840454831,1,fac3,1
v000333,-0.498452752,-0.120266083,-0.040470131,-0.007457253,-0.045639223,0.0112729328,1,fac1,-1
v000334,0.0922447806,-0.153780998,-0.06474924,1.0789444669,-0.010980104,-0.18589704,1,fac4,1
v000335,0.5756428452,-0.240414142,1.1493328101,-0.224244202,1.1507030571,0.0538099841,1,fac5,1
v000336,-0.100229515,-0.162380764,-0.038019191,-0.028814002,-0.106523185,-0.065488284,0,,
v000337,-0.422744125,-0.07524719,-0.09120648,-0.064392514,0.0009226396,0.0577286947,1,fac1,-1
v000338,0.7270450639,-0.172827286,0.6720996477,-0.179606068,0.7207911828,0.3548084248,1,fac1,1
v000339,0.220413515,0.7277659111,-0.175276644,-0.048655927,-0.208222713,-0.08882799,1,fac2,1
v000340,0.452029324,-0.116692936,-0.13243113,-0.188335016,0.1068219385,1.068015184,1,fac6,1
v000341,0.4491081522,-0.226858356,-0.201008475,0.8488432836,0.0984667123,-0.446816153,1,fac4,1
v000342,-0.219105955,-0.108412151,-0.123901326,-0.077980933,-0.244402768,-0.001612987,0,,
v000343,0.2557723249,1.0355580815,-0.032000104,-0.055419086,0.0470837813,0.0577083515,1,fac2,1
v000344,-0.010910598,-0.157052935,-0.093129429,-0.023012314,-0.044275595,-0.23864691,0,,
v000345,-0.355651275,-0.087789248,0.0341727828,-0.028705603,0.0644961162,-0.173399077,1,fac1,-1
v000346,-0.069222619,-0.203821145,0.1054613195,-0.192014281,-0.187249759,0.1123575028,0,,
v000347,0.5457985919,-0.241846055,-0.308513752,-0.295488464,0.8625335573,-0.649244903,1,fac5,1
v000348,-0.412402338,-0.079253843,-0.064075868,-0.016700061,-0.07696451,0.0358408763,1,fac1,-1
v000349,-0.365178084,-0.053670236,-0.039614,-0.064318342,-0.03562958,0.0025775186,1,fac1,-1
v000350,0.5494423225,-0.232638067,-0.189216805,0.983319508,0.9138534027,-0.104791122,1,fac4,1
v000351,-0.367094714,-0.093409371,-0.115301405,-0.114696019,-0.042138455,-0.003919425,1,fac1,-1
v000352,-0.104717915,-0.217408263,-0.125520999,0.0393004674,-0.015412364,-0.322316252,1,fac6,-1
v000353,0.1674967645,-0.038113374,-0.153668173,0.1814114484,0.069544189,-0.14029354,0,,
v000354,0.7615377631,-0.296734451,0.8542537652,-0.246408163,-0.477724229,0.191007045,1,fac3,1
v000355,0.4623337116,-0.232212843,-0.325844686,-0.126501298,-0.537012314,0.0759188251,1,fac5,-1
v000356,0.1588212906,1.282874396,-0.181042399,-0.072658844,-0.034964066,0.0441223131,1,fac2,1
v000357,-0.275532977,-0.077626158,-0.03897058,-0.07183832,0.02566141,-0.198777968,0,,
v000358,-0.331404839,-0.130697804,-0.087127541,-0.068922042,0.0107780537,-0.046933075,1,fac1,-1
v000359,-0.440372813,-0.083603378,-0.070087531,-0.01550932,-0.029675085,0.0247185978,1,fac1,-1
v000360,-0.022225945,-0.224205193,-0.112876337,-0.054533994,-0.080087092,0.062252636,0,,
v000361,0.0915420387,-0.186648719,-0.180632615,1.3112604507,-0.091187076,0.0494220433,1,fac4,1
v000362,-0.230888101,-0.16524946,-0.096297942,0.0051583444,-0.076633315,-0.3558447,1,fac6,-1
v000363,0.5644385064,0.0348929191,0.1628309727,-0.024934946,0.1538289976,0.02551152,1,fac1,1
v000364,0.9333751976,0.3127734272,0.3616552105,-0.268316211,-0.259539172,0.1662962516,1,fac1,1
v000365,0.2247659991,0.7503222865,-0.195727161,-0.186242744,-0.076627366,-0.324103965,1,fac2,1
v000366,-0.447795307,-0.062229452,-0.066970421,-0.104758483,0.0307384062,-0.024508658,1,fac1,-1
v000367,0.3040803411,-0.183618613,-0.132949116,-0.190515776,1.3069410618,0.1006153442,1,fac5,1
v000368,0.1253256791,-0.189915066,1.3166833083,-0.076288385,-0.020488765,0.0170110232,1,fac3,1
v000369,0.4707101337,-0.318351476,0.3887430179,0.4104862453,0.3764768666,0.3661319512,1,fac1,1
v000370,0.5197175252,-0.313906964,-0.260333755,0.7962060265,-0.501577231,0.2075709182,1,fac4,1
v000371,-0.316433513,-0.093816454,-0.009089014,-0.119905712,-0.097256541,-0.035332026,1,fac1,-1
v000372,-0.456302553,-0.091900545,-0.006609022,-0.083537337,-0.057089175,-0.016394423,1,fac1,-1
v000373,0.502581035,0.7586898406,0.7459928347,-0.164823149,-0.112049635,-0.000741909,1,fac2,1
v000374,-0.470896208,-0.141882425,-0.070044164,-0.057658911,-0.077680047,-0.084188876,1,fac1,-1
v000375,-0.377649243,-0.078603157,-0.210877537,-0.041629309,-0.079214557,0.1264746538,1,fac1,-1
v000376,0.4051174951,0.5070127598,-0.274287012,0.4654152698,-0.138368759,-0.020551016,1,fac2,1
v000377,0.0099545625,-0.119633993,0.0445727899,-0.169689819,-0.218940814,0.3878220187,1,fac6,1
v000378,0.3877947792,-0.161441375,-0.225059244,1.0025673757,-0.008462689,0.2510028377,1,fac4,1
v000379,0.4041204675,-0.140284079,-0.157233613,-0.396443701,-0.005673306,-0.702491615,1,fac6,-1
v000380,-0.299901462,-0.117327935,-0.098509504,-0.091412911,-0.046217946,-0.015109869,0,,
v000381,0.5954167596,0.8623462486,-0.325152913,-0.185560356,-0.417975165,0.207237776,1,fac2,1
v000382,0.7055051398,-0.296179181,-0.34576309,0.1722684301,0.155249724,0.0783716273,1,fac1,1
v000383,0.1399965457,-0.178453921,-0.153695588,-0.183292623,1.3344217549,0.1478516033,1,fac5,1
v000384,0.2127420384,-0.223898806,-0.077696607,1.2995992599,-0.104119232,-0.040824673,1,fac4,1
v000385,0.3901495678,1.0168861726,-0.196546299,0.984586113,-0.088588357,0.0499151808,1,fac2,1
v000386,0.6707011785,-0.206004046,-0.186903576,-0.322663453,0.7579795802,-0.094179497,1,fac5,1
v000387,0.2926056174,0.8529298118,-0.138246917,0.06624336,-0.099792434,-0.370579834,1,fac2,1
v000388,0.0447662245,-0.206610814,-0.128792135,-0.162758089,0.0546760445,0.0646488472,0,,
v000389,-0.284817766,-0.029308242,-0.079259119,0.0127545672,0.014437295,0.0753781207,0,,
v000390,0.3162358136,0.8762745729,-0.076121029,-0.206635206,-0.152423064,0.3559731907,1,fac2,1
v000391,0.6779849265,0.2102868129,0.153131496,0.1789330271,-0.333844458,0.407933951,1,fac1,1
v000392,0.2117712436,1.0167038033,-0.095232842,-0.114175288,-0.000198173,0.059925919,1,fac2,1
v000393,-0.129706858,-0.157019852,0.1287476021,-0.110517514,-0.073648669,-0.34275541,1,fac6,-1
v000394,0.4028814871,-0.391122855,0.691164616,-0.051609561,-0.155240023,-0.320646362,1,fac3,1
v000395,-0.407130141,-0.075363192,-0.118506777,-0.028692431,-0.059507577,-0.098221316,1,fac1,-1
v000396,-0.433035967,-0.10607821,-0.075698524,-0.110698781,-0.078650683,-0.034491839,1,fac1,-1
v000397,0.1869786455,-0.196503681,-0.219276476,-0.304700223,-0.234882564,-0.7574818,1,fac6,-1
v000398,-0.448846308,-0.07487272,-0.162150737,0.0096861781,-0.135147749,-0.002661649,1,fac1,-1
v000399,-0.330268461,-0.144607478,-0.187874768,-0.089718556,-0.134911328,-0.018433126,1,fac1,-1
v000400,0.3149793881,-0.207077366,-0.375008171,-0.247349486,-0.536475628,0.1972818595,1,fac5,-1
v000401,0.2348054526,-0.236898072,-0.055590388,0.8664881063,-0.033665826,-0.14851411,1,fac4,1
v000402,0.1058755295,-0.140283084,0.7060691827,-0.020437615,-0.03836757,0.0698583543,1,fac3,1
v000403,-0.146819618,-0.179958356,-0.000073064,-0.087514849,-0.064413716,0.0864625522,0,,
v000404,-0.016103453,0.9388525622,-0.175335655,-0.071609352,-0.082198602,0.1010408102,1,fac2,1
v000405,0.2511876779,-0.19697388,0.7563045402,0.7851456714,-0.162402686,0.1333673419,1,fac4,1
v000406,0.756857275,-0.373084209,0.3543220998,-0.216943742,-0.307648407,-0.472594623,1,fac1,1
v000407,-0.296413498,-0.171425169,-0.051194968,-0.102264169,-0.041425576,0.0343397089,0,,
v000408,-0.127331468,-0.092438942,-0.027952225,-0.210069449,0.0964443344,0.0614871483,0,,
v000409,0.3121934853,1.0740879578,-0.16049559,-0.103131384,-0.097619658,0.1509432542,1,fac2,1
v000410,0.3790551649,-0.290997925,-0.015261237,-0.197951813,0.7580744686,-0.031836798,1,fac5,1
v000411,-0.471373231,-0.063185176,-0.127969709,-0.083834082,-0.069593317,-0.047991807,1,fac1,-1
v000412,0.1411328617,-0.033734316,1.1889286387,0.0359426031,0.0563845549,-0.117642604,1,fac3,1
v000413,0.1581573917,-0.13443618,0.1005802395,-0.129030622,-0.061193931,0.1202380582,0,,
v000414,0.3482382172,-0.155834157,0.9471873349,-0.048822377,-0.084438744,-0.267251678,1,fac3,1
v000415,-0.467869949,-0.058415277,-0.117148419,-0.109159491,-0.125209741,0.0278811049,1,fac1,-1
v000416,0.6164405757,-0.31329955,-0.291858133,-0.161339805,0.7821391147,-0.633794892,1,fac5,1
v000417,-0.399178033,-0.159767211,-0.217133645,-0.126643504,-0.067273057,-0.033135596,1,fac1,-1
v000418,0.6873429703,0.9575659434,-0.355163371,-0.211153713,-0.449275591,0.2149792591,1,fac2,1
v000419,-0.369395538,-0.117591308,-0.023568641,-0.045222023,-0.025325576,0.0258486724,1,fac1,-1
v000420,0.0154109624,1.1961391441,-0.109853296,-0.094415606,-0.052743638,0.0689365709,1,fac2,1
v000421,-0.368383366,-0.1526468,-0.058812315,-0.03631433,-0.105674461,0.1326975257,1,fac1,-1
v000422,-0.16456175,-0.115701712,0.0700921394,-0.143971629,-0.05428689,-0.270677216,0,,
v000423,0.3611395731,-0.139653348,-0.111241885,-0.299016643,1.3207176943,0.0856803607,1,fac5,1
v000424,0.3037254564,-0.222156868,-0.19093871,-0.209508819,1.1355431518,0.1246463163,1,fac5,1
v000425,0.4619946052,-0.227779451,-0.154232328,-0.177698742,0.7942223576,0.0293756858,1,fac5,1
v000426,0.499398123,-0.315552528,-0.372853169,-0.300805634,-0.35824604,0.4001412542,1,fac1,1
v000427,-0.118571988,-0.119445471,-0.003751867,-0.229196823,0.0862642888,-0.005030569,0,,
v000428,0.2347150367,-0.17219615,-0.206638591,-0.303170554,-0.153042684,-0.693459963,1,fac6,-1
v000429,-0.113865718,-0.075816881,-0.148228551,0.0034697571,-0.112709916,-0.300133412,1,fac6,-1
v000430,0.0002268751,1.1430704004,-0.166638824,-0.113896457,-0.084694258,0.08598296,1,fac2,1
v000431,0.1764963952,-0.172356142,0.8229064117,-0.130440827,-0.04961411,0.6305033043,1,fac3,1
v000432,0.671827444,-0.336590768,-0.274253399,-0.327103148,-0.512128981,0.8183484104,1,fac6,1
v000433,0.8003930545,-0.32425445,-0.278960907,-0.338546063,-0.476907949,-0.386400628,1,fac1,1
v000434,0.4225098159,0.9154652208,0.8619897665,-0.068646626,-0.004438644,0.060621796,1,fac2,1
v000435,-0.282768438,-0.144260105,-0.03274114,-0.13670895,-0.186879356,-0.025118879,0,,
v000436,-0.313182272,-0.135663258,-0.224448462,-0.082828885,-0.141996531,-0.020378803,1,fac1,-1
v000437,-0.44281425,-0.116373132,-0.052320479,-0.097685312,-0.068278906,-0.106952465,1,fac1,-1
v000438,0.1109923772,1.2875883957,-0.133298955,-0.074914308,-0.041227689,0.0807215653,1,fac2,1
v000439,-0.460104909,-0.107079509,-0.043970162,-0.124766081,-0.096725362,-0.035532773,1,fac1,-1
v000440,-0.389153876,-0.09731147,-0.126088053,-0.074359273,-0.118192124,-0.021374288,1,fac1,-1
v000441,-0.098098296,-0.19253318,-0.104095653,0.0070474437,0.0017184955,-0.135807947,0,,
v000442,0.2689833856,1.0906474046,-0.132798282,-0.055880442,-0.057129277,0.3901893822,1,fac2,1
v000443,-0.392366489,0.0023806802,-0.085231165,0.1085953652,0.1362440631,-0.317413531,1,fac1,-1
v000444,0.0351703109,-0.180418221,-0.125490103,-0.159290916,-0.012091701,0.7213486408,1,fac6,1
v000445,0.0875330452,-0.199440814,-0.125929521,-0.12576623,0.9285734464,-0.177213087,1,fac5,1
v000446,0.5621024136,-0.304842924,-0.404395032,-0.146037717,-0.50273322,-0.093212899,1,fac1,1
v000447,0.7992740347,-0.310107899,-0.38310138,-0.35811688,0.5849799931,0.7596703081,1,fac1,1
v000448,0.1776137906,-0.148038485,-0.101514068,-0.110568305,1.0744718645,0.1044775591,1,fac5,1
v000449,-0.142447304,-0.098971941,0.0228206904,-0.129685362,-0.160678668,0.170178296,0,,
v000450,-0.317633977,-0.128127199,-0.075396342,-0.116638299,-0.169126364,-0.078670547,1,fac1,-1
v000451,-0.07359086,-0.130956551,-0.204719512,-0.019349013,0.1230500129,-0.255737425,0,,
v000452,-0.137272894,-0.182697103,-0.035805085,-0.125739665,-0.263458364,0.1822305647,0,,
v000453,0.0880686412,-0.220479801,-0.171001304,-0.137658676,-0.210512283,0.4275133911,1,fac6,1
v000454,0.0034173018,-0.133202651,0.0286341389,0.0145937956,-0.137454619,0.25227177,0,,
v000455,0.1249213591,-0.151239213,-0.159292187,1.3184345076,-0.072750665,-0.001482494,1,fac4,1
v000456,-0.194366287,-0.168752322,0.1139787343,-0.168815515,-0.192504949,-0.011958007,0,,
v000457,0.7258044744,-0.321252781,0.4056435556,0.3292171886,-0.401705743,-0.577773247,1,fac1,1
v000458,0.0506125438,-0.173031061,-0.125007496,1.33570331,-0.08992019,0.0123381272,1,fac4,1
v000459,-0.013102073,1.0786099526,-0.180069997,-0.075806282,-0.043385708,0.1007754406,1,fac2,1
v000460,0.1108779723,-0.139330441,1.1726279803,-0.086630787,-0.16076411,-0.08287314,1,fac3,1
v000461,-0.04936029,-0.107734596,-0.191160898,-0.134266285,-0.079663627,0.851116968,1,fac6,1
v000462,0.0663021347,1.1949107786,-0.096359969,0.0554103804,0.1166495797,-0.035760707,1,fac2,1
v000463,-0.383608787,-0.117398617,-0.015610968,-0.033992054,0.0033890514,0.0190264175,1,fac1,-1
v000464,-0.434333553,-0.098897734,-0.049198191,-0.081837753,0.0634048217,-0.016691811,1,fac1,-1
v000465,0.4391019199,-0.180814704,-0.110706932,0.7072179498,0.7990782128,0.6006686664,1,fac5,1
v000466,0.0127760779,-0.188248256,-0.205023027,-0.161211132,-0.006951959,0.9346304373,1,fac6,1
v000467,0.853418514,-0.319679059,-0.353025338,-0.195673339,0.5908596885,0.0511721043,1,fac1,1
v000468,-0.472250723,-0.088817369,-0.053030093,-0.04342955,-0.057690815,0.1267902104,1,fac1,-1
v000469,0.2028631129,-0.147747998,0.1114755507,-0.142283722,-0.033836018,0.1264847655,0,,
v000470,0.1567542651,0.7814814681,-0.03609165,-0.134287801,-0.071175753,0.0064482678,1,fac2,1
v000471,-0.445242215,-0.124674685,-0.112374411,-0.108108151,-0.016841153,0.0813333613,1,fac1,-1
v000472,-0.305623496,-0.024670778,-0.163554726,-0.046014749,0.0319851624,-0.17913741,1,fac1,-1
v000473,0.6593143783,0.8437377468,-0.230002641,-0.322407542,-0.003596442,-0.540557565,1,fac2,1
v000474,-0.360121931,-0.104491953,-0.004688476,-0.030723976,-0.061328904,0.0170398249,1,fac1,-1
v000475,-0.359611447,-0.025937499,-0.049894842,-0.042302256,-0.046125016,0.0805984919,1,fac1,-1
v000476,0.4176324858,0.8027735906,0.839119336,-0.228925322,-0.15166514,-0.026323661,1,fac3,1
v000477,0.3464720461,0.9984064802,-0.181123455,0.0579830505,-0.034375856,-0.302942527,1,fac2,1
v000478,0.2272281455,-0.224246307,-0.037303907,0.8713933035,0.8811187421,0.1374681715,1,fac5,1
v000479,0.1131508877,-0.29600246,-0.111185559,0.0138017682,-0.079495026,-0.413108353,1,fac6,-1
v000480,-0.431881029,-0.082187102,-0.103935326,-0.123375132,-0.147188618,0.0037197683,1,fac1,-1
v000481,-0.319195839,-0.09443662,-0.028263684,-0.037257656,-0.080780479,-0.115339317,1,fac1,-1
v000482,-0.041522838,-0.084813653,-0.069540173,0.1167884486,-0.062383152,-0.293211132,0,,
v000483,0.177229433,1.0402902717,-0.170153098,-0.024250056,-0.091645629,-0.240923976,1,fac2,1
v000484,-0.450902578,-0.115361992,0.0011098651,-0.060768727,0.0103734758,0.0669058135,1,fac1,-1
v000485,0.3456061538,-0.214095599,-0.102325878,-0.144925546,1.0267081027,-0.145694747,1,fac5,1
v000486,-0.310817304,-0.05171444,-0.105902915,-0.084031923,-0.123600363,0.0040655033,1,fac1,-1
v000487,-0.04434876,-0.125405019,0.064685279,-0.130754123,-0.030129354,-0.372871021,1,fac6,-1
v000488,0.4274656967,-0.126132997,-0.347926655,-0.069448162,-0.352242606,-0.212492035,1,fac1,1
v000489,0.3995964285,1.2420641783,-0.073943254,-0.188704135,0.0995216543,0.057546234,1,fac2,1
v000490,-0.419900142,-0.007374032,-0.156428377,-0.004904633,0.065648308,-0.060541021,1,fac1,-1
v000491,0.1622117177,-0.172016755,-0.338895592,-0.105341343,-0.424841863,0.2474492001,1,fac5,-1
v000492,-0.40600749,-0.051165733,-0.047710165,-0.031191016,-0.070288173,0.0407390413,1,fac1,-1
v000493,0.3181692693,1.1756727364,-0.169131488,-0.002266317,-0.015923529,-0.079753462,1,fac2,1
v000494,0.5597726592,-0.286807471,0.0337086107,0.6367154517,-0.229714913,-0.302122652,1,fac4,1
v000495,0.2701759952,-0.156035459,-0.161962539,0.8453708059,-0.168011229,0.4844028564,1,fac4,1
v000496,0.7349958141,0.3707959829,-0.135121439,-0.220924547,-0.316796764,-0.02167506,1,fac1,1
v000497,0.3542151055,-0.173072828,-0.177433368,-0.320636402,1.2901972091,0.2041746633,1,fac5,1
v000498,0.3173511016,0.960114496,-0.186463854,0.9374157286,-0.059889642,0.0331849613,1,fac2,1
v000499,0.0923895334,-0.124544051,-0.036137709,-0.122496761,0.0736274701,-0.317214692,1,fac6,-1
v000500,0.344705847,-0.257170765,1.0093156364,-0.095559631,-0.163576646,-0.081923995,1,fac3,1
v000501,1.0132161934,0.263504304,-0.3396345,0.183008103,0.2635040278,-0.212831332,1,fac1,1
v000502,0.3442017544,-0.209336601,-0.287399897,-0.291185669,-0.103908034,-0.88054198,1,fac6,-1
v000503,0.8287898555,-0.315516587,-0.179100625,-0.421601316,-0.324800121,-0.233607071,1,fac1,1
v000504,0.2230032494,-0.174898596,-0.252705981,-0.218650968,-0.472746835,0.3184004722,1,fac5,-1
v000505,0.1197504816,1.2428101063,-0.128705505,-0.113570029,-0.059356595,0.0709721178,1,fac2,1
v000506,0.4042134872,-0.268543714,-0.24932975,0.8892907816,0.8342519239,-0.139206698,1,fac4,1
v000507,-0.333227058,0.0089499142,-0.015167262,0.0538327157,0.0849516571,-0.072998652,1,fac1,-1
v000508,0.5472447742,-0.271109884,-0.170861196,0.4680759575,-0.19427017,-0.010932488,1,fac1,1
v000509,-0.063313617,-0.150491281,0.1403279285,-0.181692108,-0.079850065,-0.364698425,1,fac6,-1
v000510,0.751712692,0.467273754,-0.219497783,0.4896866657,-0.468891537,0.0562920658,1,fac1,1
v000511,0.1074284729,-0.15878828,-0.123191573,-0.21070539,1.3247463962,0.1347828116,1,fac5,1
v000512,0.3122673012,-0.178533647,1.1171640991,-0.241321619,-0.023203287,0.135360722,1,fac3,1
v000513,0.2821357395,-0.248772471,-0.122577177,1.097005588,-0.082096572,0.0566747961,1,fac4,1
v000514,0.5246860414,1.1323762165,-0.256379894,-0.271093254,-0.150501086,-0.537778038,1,fac2,1
v000515,0.1027173866,-0.15817403,-0.081705757,1.1741410686,-0.047767555,-0.027908827,1,fac4,1
v000516,0.5688950006,-0.251641153,-0.013121045,0.7607457384,0.015101699,-0.341904838,1,fac4,1
v000517,0.0554252606,-0.257430749,-0.162706341,-0.032985605,-0.009200659,-0.259251894,0,,
v000518,0.6133903621,0.5050421582,-0.178422554,0.4299312822,0.5075968839,0.7546259286,1,fac6,1
v000519,-0.051243929,-0.101078398,-0.113898606,-0.082598976,-0.035471037,0.473482272,1,fac6,1
v000520,0.4217434592,0.660423459,-0.17859927,-0.274119414,0.6873991205,0.1306492207,1,fac5,1
v000521,0.2575144999,-0.236684007,0.3987835004,0.3752857279,0.4583169934,0.4763426824,1,fac6,1
v000522,-0.346467572,-0.002841639,0.0734330431,0.0959225662,0.1062545162,-0.0677338,1,fac1,-1
v000523,0.1223978784,-0.153231548,-0.257271372,-0.258391826,-0.110019502,-0.569622794,1,fac6,-1
v000524,-0.19173621,-0.163149523,-0.125877538,0.0093985017,-0.041341289,-0.082447833,0,,
v000525,0.4485537652,-0.247939159,-0.429694431,-0.181422719,-0.473198276,0.1706512467,1,fac5,-1
v000526,0.47016029,-0.265339797,-0.319634088,-0.246058447,0.8117042822,-0.613855787,1,fac5,1
v000527,0.3016623181,-0.197543367,-0.090803752,1.2727850752,-0.01371712,0.0314769729,1,fac4,1
v000528,0.1304947939,-0.060105162,-0.172430705,0.0641154033,0.0667374803,-0.447759796,1,fac6,-1
v000529,-0.539684962,-0.089491707,-0.064459038,-0.045397584,-0.000232986,0.0360146518,1,fac1,-1
v000530,0.8547160209,0.3448967223,-0.234574616,0.2880241943,0.3628027067,0.6825595228,1,fac1,1
v000531,0.7238468441,0.512984572,-0.152564392,0.4786948163,0.5367121138,0.0859479746,1,fac1,1
v000532,0.6399686816,0.58747044,-0.093932713,0.548351766,-0.288516927,-0.482469432,1,fac1,1
v000533,0.08303404,1.2672441279,-0.102854528,-0.065593217,-0.058976301,0.1085590626,1,fac2,1
v000534,-0.015775767,0.0317892607,-0.106460739,-0.159205577,0.124060528,-0.009534132,0,,
v000535,0.2825294756,0.8940250261,-0.129363214,0.9291514175,-0.161795403,-0.011625549,1,fac4,1
v000536,0.591565953,-0.30061701,-0.372517217,0.8864590742,-0.351107768,-0.129719323,1,fac4,1
v000537,0.4369240088,-0.228174952,-0.370859504,-0.179211938,-0.47841368,0.2155817091,1,fac5,-1
v000538,-0.270233662,-0.131550701,-0.141206929,-0.036717694,0.1519246024,-0.128014548,0,,
v000539,-0.400227254,-0.039660148,-0.066754479,-0.050007593,-0.035637809,-0.040940367,1,fac1,-1
v000540,0.0890493082,-0.184607709,1.3585185099,-0.110590536,-0.047058603,-0.024253433,1,fac3,1
v000541,0.275702534,0.9092511072,0.8670498501,-0.128346847,-0.013534217,-0.0005621,1,fac2,1
v000542,0.0208258205,-0.185200501,-0.016196879,-0.042401388,-0.02846949,-0.033742921,0,,
v000543,-0.340676439,-0.048383314,-0.006819754,0.0325129989,-0.11780677,-0.170682901,1,fac1,-1
v000544,0.124471926,-0.150366604,-0.121570618,-0.229723978,1.2963078213,0.1438250628,1,fac5,1
v000545,-0.073185722,-0.143231224,0.0167432087,-0.144805562,-0.243160816,-0.143215127,0,,
v000546,0.1557832971,-0.204149533,-0.166270522,-0.203753346,1.2961465897,0.1020716419,1,fac5,1
v000547,0.3868458243,-0.243737566,-0.386389879,-0.180763194,-0.559454774,0.1616000179,1,fac5,-1
v000548,0.6045823655,-0.364033009,0.2819854176,-0.206648911,0.3851577185,0.2155016466,1,fac1,1
v000549,0.2356753528,-0.22233442,0.7461410486,-0.092566978,-0.258789118,-0.253517049,1,fac3,1
v000550,-0.004845564,-0.095170728,-0.19135472,-0.172063857,-0.159706939,-0.567699845,1,fac6,-1
v000551,0.757501963,-0.331376845,-0.386027318,1.0690917727,-0.507297673,0.2264705974,1,fac4,1
v000552,0.4062382671,0.566074161,0.5386159056,-0.107748957,-0.070269481,-0.21401163,1,fac2,1
v000553,0.3638797171,0.8907515544,-0.112719311,0.9289497227,-0.059647721,-0.036398361,1,fac4,1
v000554,0.2839347403,-0.224064237,0.7171174554,-0.241398961,-0.149720744,0.352014052,1,fac3,1
v000555,-0.207827833,-0.054243058,-0.049189913,0.0023254996,-0.190661856,-0.003876862,0,,
v000556,0.3886663047,0.3130653369,-0.221578075,-0.081560571,0.446901568,0.2500354772,1,fac5,1
v000557,-0.304645765,-0.142068436,-0.138980205,-0.13265505,0.0573158327,0.1791605783,1,fac1,-1
v000558,-0.455604558,-0.098819481,-0.118811985,-0.033863131,-0.023269559,-0.106946648,1,fac1,-1
v000559,0.1615554609,-0.212721085,-0.177581471,-0.161105589,0.6117536231,0.1211097958,1,fac5,1
v000560,-0.0383369,-0.040126958,0.2053599793,0.067018976,-0.245543728,-0.021789479,0,,
v000561,0.9293134792,-0.317989582,0.4957737647,-0.393402863,0.2814661976,-0.354008531,1,fac1,1
v000562,-0.235627715,-0.136055941,0.1051644805,-0.020717709,0.0079611437,-0.105833284,0,,
v000563,0.1878224413,-0.223534574,0.2462320954,-0.284417593,-0.197772056,-0.375350896,1,fac6,-1
v000564,0.1354532907,-0.111767845,-0.015834114,-0.261109624,-0.117585144,0.1230694198,0,,
v000565,-0.038868012,-0.139254164,0.1072833605,-0.080938548,-0.181072747,-0.132140629,0,,
v000566,-0.293945556,-0.034952615,-0.020648128,0.0647736106,-0.124950763,-0.064290829,0,,
v000567,-0.289631498,-0.051343577,-0.081603853,-0.15057572,-0.152094379,0.1275086486,0,,
v000568,0.058570189,0.5740604836,-0.076396577,0.0675780212,-0.081665962,-0.101088935,1,fac2,1
v000569,0.1456896151,-0.100793881,1.2952209423,0.0148539412,0.0931944822,-0.174862739,1,fac3,1
v000570,-0.444764668,-0.07763551,-0.134504028,-0.05150811,-0.038548392,-0.223342722,1,fac1,-1
v000571,-0.45198947,-0.113881181,-0.129426346,-0.083829944,-0.078005209,-0.052358607,1,fac1,-1
v000572,0.0719066024,1.2019443501,-0.156753234,-0.0854469,-0.109939316,0.0559017073,1,fac2,1
v000573,0.6614604561,0.508473014,0.4487221282,-0.231393476,-0.10425858,-0.210433766,1,fac1,1
v000574,0.0318796341,-0.040614801,-0.136227672,1.0064620357,-0.150945769,-0.043422219,1,fac4,1
v000575,0.3119139022,-0.244016714,-0.296872258,-0.176545996,-0.092630811,-0.951177535,1,fac6,-1
v000576,-0.151523818,-0.165169704,-0.16958735,0.0085951502,-0.064489265,-0.355709563,1,fac6,-1
v000577,0.816451786,0.2490342287,0.1929770024,0.2354039427,0.2252835195,0.502153662,1,fac1,1
v000578,0.0528096482,-0.126580803,-0.061936309,-0.245194912,0.0456566127,0.0151174036,0,,
v000579,0.0466166981,-0.09525591,-0.161872323,1.2121013945,-0.113538118,0.0691402387,1,fac4,1
v000580,0.7571263314,0.1857656429,0.1014749429,0.1539469352,0.1328834844,-0.258135057,1,fac1,1
v000581,0.3427175996,-0.166628099,1.1395841295,-0.235573225,0.0284713981,0.1663114738,1,fac3,1
v000582,0.4553521509,-0.091904316,-0.134018717,0.5996504863,0.7546151269,-0.035825717,1,fac5,1
v000583,0.3854532927,-0.101927385,-0.180180581,-0.396685652,-0.00034179,-0.614075492,1,fac6,-1
v000584,-0.006387991,-0.1138211,0.0816447348,-0.119535415,-0.17477365,-0.135719829,0,,
v000585,0.8711341157,-0.294332235,0.4718790327,0.2903700947,0.4534351731,-0.268015864,1,fac1,1
v000586,0.6297044526,-0.320947879,0.842090339,0.7316886412,-0.08461266,-0.472779764,1,fac3,1
v000587,0.5829041568,-0.200644452,0.7614184451,-0.177259091,0.0370589644,0.0588841133,1,fac3,1
v000588,-0.163410925,-0.168383943,-0.074306718,-0.031516163,-0.080765904,0.0212859407,0,,
v000589,0.4239555158,-0.245291093,1.1273655532,-0.15343091,-0.007983914,0.7490438674,1,fac3,1
v000590,-0.079308055,-0.046909302,-0.087524787,-0.038793229,0.0558377174,0.5148797073,1,fac6,1
v000591,-0.180240101,-0.118245685,-0.014366295,-0.064643681,-0.051466372,0.151431076,0,,
v000592,0.2210717138,-0.170291746,-0.025805155,-0.274720098,0.0563991476,0.0036315112,0,,
v000593,0.4584960037,-0.234413025,-0.058322893,-0.078869006,0.5722481939,0.1822656981,1,fac5,1
v000594,-0.038912363,-0.033216393,-0.044910193,-0.01092387,0.1151579761,0.4317760809,1,fac6,1
v000595,-0.370934231,-0.013027943,-0.180769485,-0.073106519,-0.044336825,-0.099876062,1,fac1,-1
v000596,-0.259990845,0.0006654192,-0.019377502,-0.183901027,-0.147498657,0.1226327697,0,,
v000597,-0.199432404,-0.116600971,0.0165822808,-0.041554794,0.1295225143,0.0976474754,0,,
v000598,0.397156152,0.7988101864,-0.112015331,-0.122302946,0.7460129998,0.0488189988,1,fac2,1
v000599,0.149078674,-0.175381103,1.1930825162,-0.041520635,-0.09977343,-0.058680546,1,fac3,1
v000600,0.5397614646,-0.227478736,-0.273302884,0.5409462901,0.6179987438,-0.424228365,1,fac5,1
v000601,0.7078563523,-0.308834474,0.2825859159,0.2831486819,0.2626116393,0.1459298651,1,fac1,1
v000602,-0.429839505,-0.081684737,-0.057718888,-0.09206591,-0.056647431,-0.015836816,1,fac1,-1
v000603,-0.433125814,-0.089520543,-0.10767465,-0.0833531,-0.056182191,0.0126397988,1,fac1,-1
v000604,0.5337002521,-0.069939281,0.6572607346,-0.127277428,0.8459036968,0.1229889671,1,fac5,1
v000605,0.0378886427,-0.177903772,-0.101563427,-0.082107943,-0.025990772,1.0306701181,1,fac6,1
v000606,-0.354071273,-0.137933545,-0.169439834,-0.165117063,-0.054934633,0.0570184212,1,fac1,-1
v000607,-0.371361652,-0.088020801,-0.112601998,-0.019048628,-0.033420915,-0.031339852,1,fac1,-1
v000608,0.3947238253,-0.220237477,-0.283692106,-0.09038941,-0.116613267,-1.074881628,1,fac6,-1
v000609,0.3918965978,0.8350779091,-0.198124125,0.8661116447,-0.057633128,-0.035839521,1,fac4,1
v000610,0.7096386989,0.1090354501,0.25029682,0.1838521199,0.2571734798,-0.084845221,1,fac1,1
v000611,0.6727684455,-0.219849904,-0.168828781,0.5041654197,-0.238735315,-0.164204665,1,fac1,1
v000612,0.390806647,1.0574366168,-0.254386824,-0.260213415,-0.154353655,-0.493657825,1,fac2,1
v000613,0.2665860453,0.6840492016,0.680715701,-0.100446066,-0.106397435,0.2696746782,1,fac2,1
v000614,0.0786178893,-0.192522394,1.0533298211,-0.163867874,-0.136252548,-0.006381162,1,fac3,1
v000615,-0.396849807,-0.086825953,-0.06706635,-0.09559076,-0.129062905,0.0023703526,1,fac1,-1
v000616,0.2766060619,0.2589661278,-0.255456936,0.1933355782,-0.42679388,-0.229014635,1,fac5,-1
v000617,0.1153039312,-0.129084393,-0.100536851,1.3299241621,-0.087073965,0.041922622,1,fac4,1
v000618,0.270944249,-0.193509902,-0.034717051,-0.19074492,-0.096477943,0.0057070491,0,,
v000619,0.2267226367,-0.235691149,-0.126024139,-0.190890324,1.2451963234,0.1763738097,1,fac5,1
v000620,0.3995964286,1.2420641783,-0.073943254,-0.188704135,0.0995216544,0.057546234,1,fac2,1
v000621,0.0311285187,-0.29910702,-0.187034239,0.0837150863,0.0230794806,-0.355615562,1,fac6,-1
v000622,-0.177066138,-0.061820818,-0.073085139,0.1047522559,0.0865970567,-0.475712681,1,fac6,-1
v000623,0.2749861277,-0.155664225,-0.128133057,-0.185236825,0.9245484728,0.7193158093,1,fac5,1
v000624,0.2202141067,-0.135298566,0.6719178328,-0.105005564,-0.072715494,0.7217293316,1,fac6,1
v000625,-0.3470844,-0.128472845,-0.090682093,-0.115578267,-0.061872823,0.1027415043,1,fac1,-1
v000626,-0.420801448,-0.04555951,-0.07599044,0.0156065414,0.0432605979,-0.043143608,1,fac1,-1
v000627,-0.304294773,-0.07900037,-0.055124538,-0.046817092,-0.110175467,0.1578091947,1,fac1,-1
v000628,-0.46565029,-0.133845942,-0.066402846,-0.09036646,-0.028068179,0.0209105049,1,fac1,-1
v000629,0.6700764116,0.1900534659,-0.165838249,0.2301463647,0.2717133891,-0.026907718,1,fac1,1
v000630,0.7560007118,0.5460272184,0.5987771747,0.562780955,-0.077787466,0.549968348,1,fac1,1
v000631,-0.399178033,-0.159767211,-0.217133645,-0.126643504,-0.067273057,-0.033135596,1,fac1,-1
v000632,-0.291185832,-0.020982984,-0.016907498,-0.123511949,-0.118397271,0.1773044822,0,,
v000633,0.0127760779,-0.188248256,-0.205023027,-0.161211132,-0.006951959,0.9346304374,1,fac6,1
v000634,-0.401079649,0.0057242765,-0.038879021,0.039946713,0.1318201623,-0.168563987,1,fac1,-1
v000635,0.0925950678,-0.187182825,1.324064396,-0.080684861,-0.035097655,-0.029569755,1,fac3,1
v000636,0.083422828,-0.081624485,-0.202018611,-0.032458477,-0.00101601,-0.731905158,1,fac6,-1
v000637,-0.128405936,-0.185555137,-0.023652744,-0.108188613,-0.180688832,-0.127310144,0,,
v000638,0.3396475601,-0.182026911,-0.149800419,0.0931673975,-0.035016951,0.0132055558,1,fac1,1
v000639,0.8395618138,-0.289843165,-0.403708012,0.4281963932,0.3656432384,-0.280095156,1,fac1,1
v000640,-0.138323087,-0.207881891,-0.180846245,0.0669026458,0.0437447587,-0.318332441,1,fac6,-1
v000641,-0.503812236,-0.095619312,-0.095604085,-0.104669381,-0.119486063,0.0228873355,1,fac1,-1
v000642,-0.095174949,-0.18035498,-0.056770347,-0.051085891,0.1592441819,0.0343147207,0,,
v000643,0.7655444908,-0.345351176,-0.189392733,0.4238792049,0.2653381324,-0.1728209,1,fac1,1
v000644,0.0899020701,-0.200231836,0.0366888978,-0.123792039,-0.204417077,-0.37532673,1,fac6,-1
v000645,-0.421701882,-0.158860725,-0.070735325,-0.045683562,-0.082183623,0.0065905492,1,fac1,-1
v000646,0.1299604546,-0.111762452,-0.072397595,-0.008683097,-0.14330312,-0.042121813,0,,
v000647,-0.362456766,-0.065654785,-0.092099681,-0.007237243,-0.093277201,0.0661651944,1,fac1,-1
v000648,0.5611986829,-0.270487337,-0.235091387,-0.185897351,-0.447908846,0.419804226,1,fac1,1
v000649,0.2350665103,1.1389201041,-0.106785124,-0.09084933,0.0173541717,0.0764116216,1,fac2,1
v000650,0.2556437183,-0.183581858,0.890550317,-0.095003715,-0.050549019,-0.267071483,1,fac3,1
v000651,0.6862157805,-0.289371905,-0.376710353,-0.284293316,-0.499647655,0.2411259046,1,fac1,1
v000652,0.1450348546,-0.075270081,-0.182239015,-0.153989135,-0.276977893,-0.776469629,1,fac6,-1
v000653,0.7022724634,0.188289855,0.2038318098,-0.196055882,0.1912998612,0.219375013,1,fac1,1
v000654,-0.376634271,-0.101395978,-0.163881173,-0.11281006,-0.022177656,0.1354359139,1,fac1,-1
v000655,-0.130862825,-0.145660761,-0.012388342,-0.025915939,-0.053987941,-0.485251735,1,fac6,-1
v000656,-0.349331102,-0.116392686,-0.084588646,-0.049137569,-0.027655506,-0.021073027,1,fac1,-1
v000657,-0.335807116,-0.054254871,-0.16548686,-0.094791708,-0.018006133,-0.216782247,1,fac1,-1
v000658,-0.110533385,-0.224175624,-0.151150377,0.0307020841,0.0126402059,-0.363378342,1,fac6,-1
v000659,0.8270647533,0.264260081,0.310319175,-0.195466995,0.5041217527,-0.13816033,1,fac1,1
v000660,0.1627238651,-0.111391171,-0.036829651,-0.058773036,0.0612369267,0.4554838258,1,fac6,1
v000661,0.3719286281,0.9190116255,0.8994037498,-0.105022129,-0.0675466,-0.035845172,1,fac2,1
v000662,0.7476805132,0.5240236415,-0.286938807,0.5830926805,-0.45102615,-0.096813556,1,fac1,1
v000663,0.1044026709,-0.158156288,0.1400304834,-0.190904684,-0.1880509,-0.337321679,1,fac6,-1
v000664,0.3843602414,-0.131116573,-0.231197403,-0.263889704,-0.171221243,-0.245491272,1,fac1,1
v000665,0.5153856726,0.1424438779,0.2254963194,0.2653900255,0.1867060456,0.282084241,1,fac1,1
v000666,0.1475048248,-0.179958062,1.2303837381,-0.161466398,-0.064654033,-0.140720115,1,fac3,1
v000667,0.0682755075,-0.158363444,-0.159503646,1.3462789859,-0.101447668,0.0791665455,1,fac4,1
v000668,-0.102465758,-0.229196939,-0.170985948,2.6006714E-7,0.121450827,-0.116569589,0,,
v000669,-0.12625677,-0.132820473,0.0535468506,-0.182293733,-0.173512285,-0.047127546,0,,
v000670,0.1249213592,-0.151239213,-0.159292187,1.3184345077,-0.072750665,-0.001482494,1,fac4,1
v000671,0.440913341,-0.236676431,0.0410134297,0.6890003846,0.0165489328,-0.143070266,1,fac4,1
v000672,0.4810532869,0.4319215405,0.5877287901,0.5508104758,0.0173214418,-0.104604142,1,fac3,1
v000673,-0.407593953,-0.050461707,-0.120527169,-0.059372052,-0.014761421,-0.051446612,1,fac1,-1
v000674,-0.448605775,-0.082914648,-0.16894702,-0.02549921,-0.086291741,-0.091656861,1,fac1,-1
v000675,0.0946475887,1.0584023333,-0.21131935,-0.112672771,-0.083097408,-0.038600784,1,fac2,1
v000676,-0.432906947,-0.041661818,-0.083521727,-0.039122648,-0.02176219,-0.008108754,1,fac1,-1
v000677,-0.217676354,-0.198594043,0.0063505465,-0.020317678,-0.058821065,-0.041658419,0,,
v000678,-0.070055237,-0.15871739,0.0789585042,-0.226350902,-0.195084923,-0.087091055,0,,
v000679,0.3485555905,-0.12467688,-0.19879282,-0.323928946,1.1676669858,0.1914995985,1,fac5,1
v000680,-0.273064652,-0.183985982,-0.041532834,-0.1019201,-0.035559987,0.1403629941,0,,
v000681,-0.391020206,-0.055572632,-0.135973171,-0.142598973,-0.122341337,0.0638456468,1,fac1,-1
v000682,0.0899462735,-0.182307826,-0.201197023,-0.292181455,-0.170969014,-0.791071068,1,fac6,-1
v000683,-0.215678819,-0.070380256,-0.007399394,0.0873852274,0.1138716504,-0.245674569,0,,
v000684,-0.359402616,-0.008585337,-0.040973338,0.0404664277,0.0932209833,-0.099069616,1,fac1,-1
v000685,-0.43116851,-0.12771908,-0.091120849,-0.059700005,0.0372236865,-0.007879178,1,fac1,-1
v000686,-0.491640936,-0.079414714,-0.063611924,-0.094056504,-0.039321732,-0.048525781,1,fac1,-1
v000687,0.0977966909,0.9837649854,-0.084090163,-0.136596746,-0.156960519,0.0454943798,1,fac2,1
v000688,0.830400274,-0.335824211,0.9296900899,-0.241894253,-0.468191945,0.1694074467,1,fac3,1
v000689,0.1016707573,-0.111131029,-0.094448637,1.372370119,0.0547702017,-0.102576083,1,fac4,1
v000690,0.2274303876,-0.190999296,0.6577772754,0.6683426621,-0.172610028,-0.102828426,1,fac4,1
v000691,-0.517873599,-0.112210795,-0.032858505,0.0026534293,0.01771484,0.0947692095,1,fac1,-1
v000692,0.4498807979,0.3815322568,-0.302354509,0.2857707165,0.3298237073,0.2521487589,1,fac1,1
v000693,0.1577862035,-0.09624417,-0.051317841,0.8936898621,-0.137195969,-0.040706588,1,fac4,1
v000694,0.1149007573,-0.168271457,-0.095510804,-0.067675723,-0.025462614,0.5196689564,1,fac6,1
v000695,0.3959987123,0.4911953138,-0.080671895,0.4266474345,-0.085937564,0.1460303421,1,fac2,1
v000696,-0.287191855,-0.048718596,0.041402563,-0.141370248,-0.082077369,0.1727465513,0,,
v000697,0.0700678062,-0.156048468,0.0092950221,-0.119943907,-0.201638893,-0.289374521,0,,
v000698,-0.112059649,-0.148757332,-0.157399107,-0.053472022,-0.026712449,-0.24207681,0,,
v000699,0.3982285571,-0.26020491,-0.420346249,-0.16216702,-0.512266939,0.2425219391,1,fac5,-1
v000700,-0.302454584,-0.13745593,-0.086513854,-0.013154683,-0.040970444,-0.005436537,1,fac1,-1
v000701,-0.393039865,-0.037656819,-0.138009203,0.0465072117,-0.059979703,-0.063197034,1,fac1,-1
v000702,-0.206879936,-0.128048372,-0.134878447,-0.00030521,-0.066056074,-0.307574804,1,fac6,-1
v000703,0.3542151044,-0.173072829,-0.177433361,-0.320636399,1.2901971994,0.2041746611,1,fac5,1
v000704,0.7172624472,0.2832901008,-0.17141433,0.269697503,0.4337264641,0.0380145328,1,fac1,1
v000705,0.5065204667,0.8906152616,-0.14658047,-0.299888526,-0.04655613,-0.482248369,1,fac2,1
v000706,0.063387757,-0.132086477,1.2170733941,-0.124739316,-0.082986226,-0.058944969,1,fac3,1
v000707,0.2839816986,-0.179030049,0.6675159245,-0.118392909,-0.116191095,0.3907607694,1,fac3,1
v000708,-0.019252046,0.9184345167,-0.084500593,-0.029199573,-0.024935551,0.1135577703,1,fac2,1
v000709,0.1926638117,0.9829622095,-0.075037852,-0.116880443,-0.040276858,-0.049701209,1,fac2,1
v000710,0.088390723,-0.133070141,-0.197058974,-0.139859456,1.2856595036,-0.063734185,1,fac5,1
v000711,0.0592804832,-0.207309287,-0.121250162,-0.013763978,-0.155115749,-0.238129885,0,,
v000712,-0.118374393,-0.170357366,-0.130473693,-0.064124837,-0.112220717,-0.022662104,0,,
v000713,0.9121276928,0.3961352814,0.4285385608,-0.246648441,-0.29727888,0.2564294194,1,fac1,1
v000714,0.0844813217,-0.065273194,0.1146364532,-0.061996871,-0.121667253,-0.30964228,1,fac6,-1
v000715,0.633920391,0.0662350727,-0.358764449,0.160892166,-0.289789851,0.17930914,1,fac1,1
v000716,0.2214220993,-0.304764271,-0.08527059,0.0662650136,0.0713431735,-0.181238706,1,fac2,-1
v000717,0.7189249976,-0.259592975,0.7053971135,-0.271954271,-0.410355533,0.2404143796,1,fac1,1
v000718,0.3233956651,0.0888800385,0.2524664212,0.0963477146,0.306261903,0.0763747051,1,fac1,1
v000719,0.1610120594,0.1703287629,0.3476306954,0.2270778339,0.3628231935,0.2664223328,1,fac5,1
v000720,0.3844661023,-0.232989347,0.0405301655,-0.274773985,1.1798240474,-0.212438986,1,fac5,1
v000721,0.6718832004,0.6330697989,0.5433736564,-0.284132144,-0.143818573,0.4172506057,1,fac1,1
v000722,0.0799377032,1.2838142412,-0.135451738,-0.090589101,-0.053314194,0.028556131,1,fac2,1
v000723,-0.077815321,-0.087113537,-0.014653534,-0.184211448,0.1761399503,0.0539796864,0,,
v000724,0.2610335202,0.0591470775,0.1692349849,0.2107279685,0.3890277377,0.0312765992,1,fac5,1
v000725,0.0624301143,-0.081924055,-0.175797535,1.2579675551,-0.037088886,-0.002028341,1,fac4,1
v000726,0.1164584364,1.255370026,-0.122356237,-0.119410921,-0.107837943,0.0271169356,1,fac2,1
v000727,-0.061472829,-0.076335377,0.0384659435,0.0406704208,-0.208174767,0.0404783435,0,,
v000728,-0.400891699,-0.109819783,-0.062509866,-0.089038808,-0.031925818,-0.076402259,1,fac1,-1
v000729,-0.351539709,-0.156935443,-0.03211679,-0.062491885,-0.099934882,-0.031203966,1,fac1,-1
v000730,0.354946076,1.1677078561,0.0312364928,-0.15916217,-0.07697237,-0.219312697,1,fac2,1
v000731,0.1647423193,-0.198947811,-0.161879203,-0.128038846,-0.025366483,0.8992117803,1,fac6,1
v000732,0.7802093296,0.3204218862,-0.336790947,-0.363708527,0.2014904148,0.1266776388,1,fac1,1
v000733,0.0975972759,-0.133340513,-0.237158719,-0.231148168,1.1091707872,0.1337702699,1,fac5,1
v000734,-0.38033038,-0.088001404,0.0032694629,-0.084941452,-0.116543847,0.0126611803,1,fac1,-1
v000735,-0.252718394,0.0059264309,-0.091967461,-0.088581984,-0.054663854,-0.029506658,0,,
v000736,-0.201423917,-0.171096447,-0.07012838,-0.052068785,-0.001993875,0.1199078899,0,,
v000737,0.0690395168,-0.220005339,0.6113041103,-0.151952632,-0.111540902,0.422121179,1,fac3,1
v000738,-0.489551365,-0.121471865,-0.006268812,-0.022367605,-0.063461762,0.0824625073,1,fac1,-1
v000739,0.0996356136,1.1961595044,-0.121239834,-0.086731818,-0.042350633,0.0384486837,1,fac2,1
v000740,0.163599818,-0.176688144,0.0268448752,-0.340083131,-0.086711739,0.0636365385,1,fac4,-1
v000741,-0.414503606,-0.064083399,-0.146080535,-0.001593235,-0.147525404,0.1634746418,1,fac1,-1
v000742,0.12494412,0.7377342277,-0.15439093,-0.022800684,-0.128594252,0.346470181,1,fac2,1
v000743,0.0186252697,1.149545389,-0.157979194,-0.048115025,-0.063998683,0.1013480541,1,fac2,1
v000744,0.3116933174,0.5685507687,-0.233717797,0.5730088666,-0.157801494,-0.030634249,1,fac4,1
v000745,0.0923770937,-0.122136544,-0.13517156,-0.126401934,1.2181841174,0.1379807708,1,fac5,1
v000746,0.1021986743,1.2599205496,-0.158927895,-0.054853528,-0.06377544,0.0950892388,1,fac2,1
v000747,-0.347374597,-0.067883692,-0.159309498,0.0201179213,0.1028042909,-0.139386592,1,fac1,-1
v000748,-0.527834998,-0.121196674,-0.042717629,0.0029024825,-0.046463487,0.0084574381,1,fac1,-1
v000749,-0.33979104,-0.085688228,-0.010697366,0.0302411208,0.0145076404,-0.02088035,1,fac1,-1
v000750,-0.354614224,-0.043773627,0.069088461,-0.014888597,0.0317007582,-0.290833015,1,fac1,-1
v000751,-0.368216611,-0.126487328,-0.020183591,-0.10186506,0.0126643797,-0.140983553,1,fac1,-1
v000752,-0.516553002,-0.08005783,-0.092361406,-0.061861889,-0.07036316,0.0097638026,1,fac1,-1
v000753,0.0648833311,-0.128098627,-0.011510222,0.0387241215,-0.071571842,-0.123813024,0,,
v000754,0.1090931836,0.7378396622,-0.18291523,-0.039621135,-0.126766847,-0.115758792,1,fac2,1
v000755,-0.514788012,-0.108710045,-0.082951047,-0.109058732,-0.116905426,-0.006637959,1,fac1,-1
v000756,-0.289802871,-0.086653227,-0.061104987,-0.198630031,-0.131115985,0.0666556743,0,,
v000757,-0.405809088,-0.061096842,-0.05572416,0.0128825676,0.1284508955,-0.080225016,1,fac1,-1
v000758,0.1910477807,-0.187549091,-0.127317795,0.8358021756,-0.045329773,0.6908800939,1,fac4,1
v000759,-0.489729633,-0.090511554,-0.091830936,-0.095505072,-0.105105357,0.0401188517,1,fac1,-1
v000760,-0.429797906,-0.108763859,-0.084730293,-0.10627942,-0.100431868,-0.034603663,1,fac1,-1
v000761,-0.09951926,-0.080074941,-0.041608571,-0.162748351,-0.269187013,0.1005500528,0,,
v000762,0.2401303455,0.9669440877,-0.13632736,-0.076023557,-0.090854144,0.3931296604,1,fac2,1
v000763,0.3933461259,0.7126675514,-0.179796225,0.8447086112,-0.068825189,-0.103161921,1,fac4,1
v000764,0.2859245586,0.9830607758,-0.101521244,-0.188680886,0.0190460959,0.0763874023,1,fac2,1
v000765,-0.084583359,-0.127914201,-0.134457878,-0.022426053,0.1297138789,-0.305478276,1,fac6,-1
v000766,-0.269715645,-0.162399872,-0.028404145,-0.103669821,-0.040323331,0.048933353,0,,
v000767,0.5159546738,-0.176487748,-0.150179487,-0.330953316,1.0574564362,0.0440459648,1,fac5,1
v000768,0.4941951452,-0.135215565,-0.15577054,-0.115576622,0.7429799765,-0.598712109,1,fac5,1
v000769,-0.290471903,-0.074265766,0.033588818,-0.123142162,-0.11898512,0.1406024446,0,,
v000770,0.3818635114,-0.305890828,0.7174070524,0.6128503338,-0.193034769,-0.146497173,1,fac3,1
v000771,0.7523919507,0.1661498198,0.198478064,-0.268807716,0.2355315173,-0.372093153,1,fac1,1
v000772,0.3194901034,-0.17416286,0.0164367585,-0.242127547,1.0752011018,-0.198510096,1,fac5,1
v000773,-0.30151949,-0.111794494,-0.12096337,-0.061581709,-0.149368482,0.0575671428,1,fac1,-1
v000774,0.0280952389,-0.156016151,-0.117396584,1.2570818662,-0.193328412,0.0134949889,1,fac4,1
v000775,-0.159278482,-0.034739102,0.0069635126,0.0738256023,0.0543509372,0.2504946548,0,,
v000776,0.09109791,1.1866897105,-0.071118268,-0.078384612,0.029395474,0.0272839088,1,fac2,1
v000777,0.6499614975,0.3654559015,-0.007937797,0.4079605202,-0.000588361,-0.168405389,1,fac1,1
v000778,-0.380598008,-0.061790741,-0.111737456,-0.114868352,-0.094516537,0.0079770143,1,fac1,-1
v000779,0.0680294787,-0.149944463,-0.147695153,-0.130878208,-0.187385784,0.690553612,1,fac6,1
v000780,0.0225699285,-0.162433456,1.1160608725,-0.105139413,-0.003508038,0.0215240031,1,fac3,1
v000781,0.0916275104,-0.152210438,-0.289488955,-0.279909321,-0.153384391,-0.641946016,1,fac6,-1
v000782,0.7821666794,0.2146775078,0.1928766195,0.19528105,0.0329636486,-0.389995036,1,fac1,1
v000783,-0.446857664,-0.106901069,0.0057163652,-0.032124453,0.0920917266,0.1275168604,1,fac1,-1
v000784,-0.401114733,-0.009554999,0.0145620333,-0.043244207,-0.095351304,0.0096309789,1,fac1,-1
v000785,-0.389718619,-0.097365795,-0.134874768,-0.12331988,-0.078909591,-0.049125868,1,fac1,-1
v000786,0.081571345,-0.182784057,-0.110918064,-0.137816375,1.3236824259,0.1667693715,1,fac5,1
v000787,-0.405889793,-0.09465688,-0.161936835,0.010312947,-0.034550871,0.105696955,1,fac1,-1
v000788,0.448553764,-0.247939161,-0.429694424,-0.181422715,-0.473198286,0.1706512445,1,fac5,-1
v000789,-0.057879727,-0.167522617,-0.173842634,-0.124517974,-0.0076114,0.9511444019,1,fac6,1
v000790,0.0812538875,-0.134532245,-0.082571769,0.7852751438,-0.193704359,0.2074392362,1,fac4,1
v000791,-0.075265259,-0.131610048,-0.053486373,0.0962723633,0.040064478,-0.197224805,0,,
v000792,0.4453550653,0.5044648192,-0.153659961,-0.119374059,0.4772576543,-0.495395625,1,fac2,1
v000793,-0.382818156,-0.113797337,-0.144550793,-0.073779788,-0.027275655,0.0032668141,1,fac1,-1
v000794,-0.525467299,-0.089650403,-0.113542001,-0.149663575,-0.124854639,0.0005954861,1,fac1,-1
v000795,0.1376063959,-0.213718083,-0.09760336,0.8896827338,-0.136876022,-0.040051535,1,fac4,1
v000796,-0.451033706,-0.151206319,-0.186865129,-0.160566605,-0.108350111,-0.012773017,1,fac1,-1
v000797,0.348602759,-0.236191857,-0.156520343,-0.309415625,-0.255674374,-0.785444211,1,fac6,-1
v000798,0.1571545017,1.2687092998,-0.135450525,-0.084503898,-0.025950496,0.0248157492,1,fac2,1
v000799,0.2524427129,-0.257988047,-0.126589086,-0.144015746,1.0131831523,0.2718220598,1,fac5,1
v000800,0.1467567593,-0.169233293,0.7333914724,-0.169352159,-0.33497211,0.0083118275,1,fac3,1
v000801,0.3713282732,0.9617333723,-0.215463619,-0.219669226,-0.050558213,-0.471195096,1,fac2,1
v000802,0.7637030108,-0.275516543,0.7346447471,-0.329228038,-0.341806571,-0.221610016,1,fac1,1
v000803,-0.328515658,-0.150028401,-0.061534388,-0.085631851,-0.087788442,-0.030716947,1,fac1,-1
v000804,0.061723538,-0.177783054,0.1383671826,-0.158563142,-0.261342633,-0.086080982,0,,
v000805,-0.406950359,-0.058943292,-0.127299567,-0.05316092,-0.041649648,-0.085814477,1,fac1,-1
v000806,0.2734155199,1.1444058546,-0.087011818,-0.17305811,0.0679618123,0.07738243,1,fac2,1
v000807,0.1368754229,-0.140989491,-0.020587986,-0.104762374,-0.106071473,0.3679216546,1,fac6,1
v000808,0.4464355738,1.0558715643,-0.17144827,1.050539229,-0.111595161,0.0733434905,1,fac2,1
v000809,-0.21107911,-0.095655689,-0.143287238,-0.110964484,-0.063721403,0.6185025476,1,fac6,1
v000810,0.5033099332,-0.343815066,-0.268116014,-0.221236273,-0.328917094,0.5551687045,1,fac6,1
v000811,0.1334695547,-0.112115467,0.7056787421,-0.14247258,-0.18101338,0.1616602016,1,fac3,1
v000812,0.6223059438,0.4727984733,0.4643343884,0.4517203218,0.5594963851,0.2651117996,1,fac1,1
v000813,-0.287720061,-0.103303758,0.0742956846,-0.008641643,0.1681656655,0.1011288328,0,,
v000814,-0.266259565,-0.04788384,0.0011426157,-0.083936947,-0.167012851,0.0685812436,0,,
v000815,0.3060407421,-0.168732136,1.1380138657,-0.190938781,-0.229978966,0.1066380786,1,fac3,1
v000816,-0.351493102,-0.000987879,-0.059050021,0.0319560279,0.0753965786,-0.191185458,1,fac1,-1
v000817,0.5165180948,-0.220777931,-0.172667215,0.9686278286,-0.190407139,-0.56695885,1,fac4,1
v000818,0.5762224534,-0.318327607,0.4327760786,-0.335757829,-0.162283021,-0.416755004,1,fac1,1
v000819,-0.179021038,-0.036013619,0.0917090803,-0.123683436,-0.080490103,0.1689492679,0,,
v000820,-0.006543764,-0.100940647,-0.040896382,-0.075561646,-0.050983426,0.0510114046,0,,
v000821,-0.48261693,-0.082008912,-0.091152858,-0.08915341,-0.065125128,-0.022355675,1,fac1,-1
v000822,-0.35819298,-0.046106329,-0.069249945,-0.019173338,-0.009538187,0.0322904496,1,fac1,-1
v000823,-0.070751374,-0.074807522,-0.019958123,0.0125932923,0.0252059421,0.2169972558,0,,
v000824,-0.406308733,-0.017063268,-0.123281894,-0.070982967,-0.024835982,-0.038037236,1,fac1,-1
v000825,0.0466716159,-0.140103818,1.247884763,-0.113661993,-0.073790947,0.0075183991,1,fac3,1
v000826,0.0302673086,-0.152152557,-0.084850533,0.0663600494,-0.026006119,-0.420025551,1,fac6,-1
v000827,-0.508727062,-0.069529442,-0.073707372,0.004364949,-0.070176936,0.1207955085,1,fac1,-1
v000828,0.1743763558,0.8188504878,-0.071737096,-0.214073688,-0.148282087,0.2590097298,1,fac2,1
v000829,0.275849489,-0.274978109,0.6538295202,-0.057350178,-0.121347188,-0.156832954,1,fac3,1
v000830,0.2741177719,-0.218328385,-0.20046114,-0.214013961,-0.266374474,-0.517523731,1,fac6,-1
v000831,0.649224616,-0.161405393,0.6512305938,0.4529569297,0.6467405627,0.0684499323,1,fac3,1
v000832,0.1878224414,-0.223534574,0.2462320955,-0.284417593,-0.197772056,-0.375350896,1,fac6,-1
v000833,0.3700643026,-0.188599169,0.5869593428,-0.174813149,0.6491099212,0.1496785268,1,fac5,1
v000834,-0.416025591,-0.105672358,0.0257013202,-0.012061068,0.0558233015,-0.058256686,1,fac1,-1
v000835,-0.469946858,-0.084896702,-0.069867212,-0.048829549,-0.047398925,0.1480687266,1,fac1,-1
v000836,0.3996759712,-0.233537317,0.7837915502,-0.120233434,0.7634764794,0.1097843913,1,fac3,1
v000837,0.2494631181,-0.131552935,0.0485817884,-0.171373034,0.0169928025,-0.055760112,0,,
v000838,-0.375862855,-0.119343698,0.0058872808,-0.152878172,-0.067832861,-0.195098103,1,fac1,-1
v000839,0.5942011024,-0.269415631,-0.201625683,-0.05184254,-0.322538974,-0.020847227,1,fac1,1
v000840,-0.146799739,-0.211645827,-0.169722821,0.0283693679,0.0255073241,-0.376231473,1,fac6,-1
v000841,-0.466067032,-0.072445746,-0.081272548,-0.11488834,-0.061058962,-0.026564655,1,fac1,-1
v000842,0.5684142915,0.6930163245,0.6525877502,-0.180823993,0.0376376316,0.550788617,1,fac2,1
v000843,-0.541446195,-0.121987036,-0.038038976,-0.029581014,-0.002303103,0.0148128334,1,fac1,-1
v000844,0.4564497215,-0.25416568,-0.033220204,-0.033148464,0.8443429568,-0.396895442,1,fac5,1
v000845,1.0714670435,0.4654398012,-0.459634021,0.3121062714,0.3230710606,-0.024016623,1,fac1,1
v000846,0.3007699881,0.7468267076,-0.221773993,0.7717676108,0.1055886176,-0.231921584,1,fac4,1
v000847,-0.322244535,-0.035957097,-0.108890939,0.0695403708,0.088116254,-0.052514573,1,fac1,-1
v000848,0.5369534997,-0.220621873,-0.082753428,-0.1175619,0.0406601021,0.6140474875,1,fac6,1
v000849,0.3200073213,1.2235452138,-0.099539864,-0.080238037,0.0358800629,0.0641904884,1,fac2,1
v000850,-0.361734959,-0.152772614,-0.013674577,-0.055257691,0.0630611936,0.0761711029,1,fac1,-1
v000851,0.066023369,1.2815562172,-0.128934193,-0.09717806,-0.078298085,0.0523776237,1,fac2,1
v000852,-0.342215894,0.003271455,-0.036309429,0.0622060202,0.0750076326,-0.118521173,1,fac1,-1
v000853,-0.373806362,-0.093757028,-0.086020373,-0.055003619,-0.14002705,0.0054568614,1,fac1,-1
v000854,0.3355752045,-0.169364925,-0.219573903,-0.132245477,0.2634046224,0.4370757016,1,fac6,1
v000855,-0.063697812,-0.173841282,0.0510475021,-0.077416205,-0.086638509,-0.187455142,0,,
v000856,-0.485674575,-0.060934628,-0.127158774,-0.022813699,-0.0338345,-0.172116533,1,fac1,-1
v000857,0.6639642058,0.7645986688,-0.107264113,-0.250490076,0.0318272522,-0.548916927,1,fac2,1
v000858,0.7962393362,-0.384368237,-0.139871111,-0.272535845,-0.381333589,-0.52768213,1,fac1,1
v000859,0.423404272,-0.294494415,-0.329083503,-0.148514676,-0.521527986,0.2644353699,1,fac5,-1
v000860,-0.26906392,-0.026310478,-0.049789891,-0.061800428,-0.139255277,-0.060573924,0,,
v000861,-0.236149659,-0.142912112,-0.116654386,-0.074011304,-0.142362764,0.0324955792,0,,
v000862,-0.231055378,-0.139019224,-0.132934382,-0.099386536,-0.040684266,-0.003772706,0,,
v000863,-0.425368639,-0.040689216,-0.049146198,-0.048870824,-0.034366164,0.0035896461,1,fac1,-1
v000864,0.7560878921,0.3724183617,-0.116970028,-0.265281483,0.3421311211,-0.161130772,1,fac1,1
v000865,-0.471495937,-0.064376238,-0.056817371,-0.063507184,-0.030177668,0.0144012923,1,fac1,-1
v000866,0.502674601,0.6602867591,-0.129070971,-0.170699062,-0.2142504,-0.696846824,1,fac6,-1
v000867,0.032455238,-0.142531048,-0.073746462,0.0007034831,-0.239163519,-0.263164885,0,,
v000868,-0.050137457,-0.159960924,0.0945616189,-0.137172496,-0.144021552,-0.278370685,0,,
v000869,0.1086880695,1.119222261,-0.114003788,-0.005336706,0.0134104407,0.0739946659,1,fac2,1
v000870,0.1143859645,-0.146927404,-0.093754731,-0.068222924,-0.126997101,0.4915388793,1,fac6,1
v000871,-0.172171864,-0.145340506,-0.197103979,0.0719370587,0.0241399462,-0.406943672,1,fac6,-1
v000872,0.4407571034,-0.237674373,1.0509516254,-0.113088012,-0.000482129,0.6959550771,1,fac3,1
v000873,0.012776078,-0.188248256,-0.205023027,-0.161211132,-0.006951959,0.9346304374,1,fac6,1
v000874,-0.182464687,-0.165554798,-0.050935783,-0.063375092,-0.135417116,0.0284882802,0,,
v000875,-0.407142492,-0.096299794,-0.060035916,-0.105225157,-0.075189753,-0.009123187,1,fac1,-1
v000876,0.4116656114,-0.233130222,0.7346589404,-0.29810738,-0.139403311,0.2568820475,1,fac3,1
v000877,-0.033005065,-0.155654122,-0.163868459,-0.143208883,-0.004391145,0.855555511,1,fac6,1
v000878,-0.288886189,-0.168081505,-0.004855075,-0.060311541,-0.049845686,-0.116017016,0,,
v000879,0.046254191,-0.154593929,1.2250488703,-0.137870748,-0.134837059,-0.041343212,1,fac3,1
v000880,-0.023244231,0.9395920956,-0.053827661,-0.021851095,-0.049782554,0.0912202396,1,fac2,1
v000881,-0.460104909,-0.107079509,-0.043970162,-0.124766081,-0.096725362,-0.035532773,1,fac1,-1
v000882,0.7051758935,-0.361523135,-0.295915885,-0.2675149,0.3845368335,-0.062800525,1,fac1,1
v000883,0.4042473208,0.1698159665,0.2139015117,0.2192210682,0.2544430326,0.1680942314,1,fac1,1
v000884,0.7552729044,-0.330690698,-0.264659856,0.5982219209,-0.248302734,0.1289740212,1,fac1,1
v000885,0.4680808726,-0.253575484,-0.165914622,0.8203002482,0.8400292024,-0.290549159,1,fac5,1
v000886,-0.069100195,-0.018723654,0.0118768882,-0.046138883,-0.19810614,-0.119544681,0,,
v000887,0.5103274638,0.7756626207,0.7539393478,0.806466927,-0.120114428,0.0287449234,1,fac4,1
v000888,0.3244716531,0.7866976796,0.0928675465,-0.197677868,-0.003844529,-0.135004401,1,fac2,1
v000889,0.4885727469,-0.222947824,-0.274600697,0.6728583375,-0.449634505,0.2505356598,1,fac4,1
v000890,0.3241558534,0.5201710417,0.4310466738,0.0300022611,0.0003292543,0.5148818799,1,fac2,1
v000891,-0.146139948,-0.094376746,-0.086843234,-0.060210439,-0.040382657,0.3910483109,1,fac6,1
v000892,0.1521569121,-0.181266747,-0.134326903,0.9852909055,0.0452676572,0.5513848648,1,fac4,1
v000893,-0.389765279,-0.128863162,-0.113336541,-0.111182989,-0.152921983,-0.013660219,1,fac1,-1
v000894,-0.402403297,-0.008261571,-0.096660125,-0.090231055,-0.101719395,0.0471469635,1,fac1,-1
v000895,0.5843081468,-0.315578759,0.4371264629,0.2929229862,-0.080859585,-0.321869713,1,fac1,1
v000896,0.191413486,-0.186064597,0.7631768589,-0.185636398,0.6744959113,0.1151077009,1,fac3,1
v000897,-0.046923088,-0.183660962,0.1935903152,-0.15396652,-0.025577421,-0.43436405,1,fac6,-1
v000898,0.0111804934,-0.260159915,-0.278832367,-0.004414617,-0.084859161,-0.227104398,0,,
v000899,-0.230081427,-0.009139783,-0.048853052,-0.213389534,-0.097352058,0.1407236733,0,,
v000900,-0.540933984,-0.104697935,-0.124975593,-0.032018715,-0.049590868,0.0695676613,1,fac1,-1
v000901,0.2929361593,-0.183059256,-0.241149929,-0.207256346,-0.158812469,-1.009622059,1,fac6,-1
v000902,-0.495924788,-0.075582627,-0.058557983,-0.086858393,-0.035037169,0.0597468186,1,fac1,-1
v000903,0.0749632538,-0.238622363,-0.1649966,-0.11385424,-0.134715008,0.7080349567,1,fac6,1
v000904,0.4013641037,-0.295769311,0.6392626543,-0.242171817,-0.152412417,-0.563844822,1,fac3,1
v000905,-0.048491207,0.0166708592,-0.102752947,-0.07048068,-0.139717961,-0.202309257,0,,
v000906,0.0852111734,-0.225390121,0.5510811177,-0.087672891,-0.141185299,0.2928475449,1,fac3,1
v000907,0.372378857,-0.231533363,-0.141791933,-0.212837068,-0.125594281,0.4657944457,1,fac6,1
v000908,-0.408813539,0.0130201954,-0.082897228,0.0702477241,0.1082173644,-0.152725783,1,fac1,-1
v000909,0.1058844448,0.7208240449,0.7691518489,-0.044033266,-0.054991108,0.0733266576,1,fac3,1
v000910,0.0802635488,-0.158805254,-0.174266467,-0.139612637,1.1520670608,0.0116172534,1,fac5,1
v000911,0.1983630964,-0.212890153,-0.119943548,0.9793502422,-0.154034766,-0.111820526,1,fac4,1
v000912,-0.127306285,-0.210703824,-0.115026509,-0.094169311,-0.122894712,0.0221936235,0,,
v000913,-0.028560555,-0.156716448,0.0065024361,0.8048746605,-0.264073357,0.057473086,1,fac4,1
v000914,0.2603787959,-0.196575774,-0.095930952,0.8107121052,-0.068499135,0.8581223267,1,fac6,1
v000915,-0.429669519,-0.071301273,-0.043710748,-0.084984654,-0.064256634,0.1001091465,1,fac1,-1
v000916,0.789101663,0.2833679798,0.2700286217,0.2712814114,-0.319838516,-0.17241293,1,fac1,1
v000917,-0.050364656,-0.072003376,-0.089698313,0.9293842156,-0.183077318,-0.058432437,1,fac4,1
v000918,0.3005329608,1.1314763222,-0.198638204,-0.089372829,-0.031912452,-0.084927961,1,fac2,1
v000919,-0.285251787,-0.157655319,-0.071322443,-0.088739278,-0.023921952,0.0116323002,0,,
v000920,-0.194502828,-0.040695954,-0.166170554,0.0252652099,0.1103058386,0.0019644911,0,,
v000921,-0.445409659,-0.084908562,-0.036535748,-0.035522949,-0.069090372,0.0312306734,1,fac1,-1
v000922,0.528256335,-0.276869222,-0.119393622,0.7120429447,0.694341472,-0.268902655,1,fac4,1
v000923,0.1571545017,1.2687092998,-0.135450525,-0.084503898,-0.025950496,0.0248157492,1,fac2,1
v000924,0.7480133683,0.0962121648,0.1175971256,0.1646736014,0.1387541385,-0.250495265,1,fac1,1
v000925,-0.448068764,-0.116014282,-0.041398171,-0.016749045,-0.049211436,0.1030487572,1,fac1,-1
v000926,-0.470998613,-0.066322158,-0.104793322,-0.02125863,-0.042784327,0.03873141,1,fac1,-1
v000927,-0.19253883,0.017317105,-0.07092043,-0.028523542,-0.127766972,-0.165738554,0,,
v000928,-0.130221948,-0.163372441,-0.094391924,-0.020014061,-0.173525911,-0.281852536,0,,
v000929,0.0829785679,-0.19777763,1.3142900776,-0.108729169,-0.076638785,-0.087924935,1,fac3,1
v000930,0.4120950687,-0.294752978,0.2877777818,-0.261152524,-0.316206723,-0.129045842,1,fac1,1
v000931,0.3631904794,0.7041795761,0.645255351,-0.07538118,-0.105582574,-0.219437368,1,fac2,1
v000932,0.4110738994,-0.13159437,0.5872676941,-0.252897846,-0.011139155,0.5101737708,1,fac3,1
v000933,0.5529697566,-0.250993565,-0.322449904,-0.27096351,-0.351078651,0.3606132263,1,fac1,1
v000934,-0.527905845,-0.078490871,-0.024814744,-0.082883214,0.0212874601,0.0207169484,1,fac1,-1
v000935,-0.411586104,-0.113655312,-0.09419086,-0.052424833,-0.030972897,-0.028315089,1,fac1,-1
v000936,0.9642262955,-0.322524342,0.7563551242,0.8613941784,-0.465839467,0.190025098,1,fac1,1
v000937,0.3555622407,-0.256412078,0.5719971313,0.4312758346,0.0432356191,0.0456989978,1,fac3,1
v000938,0.0969090372,1.2937232127,-0.138271106,-0.099799734,-0.062698123,0.0733339218,1,fac2,1
v000939,0.1045719086,1.0212902016,-0.206840549,-0.063333596,0.0535157997,-0.128613067,1,fac2,1
v000940,0.0431134514,-0.154463771,-0.136300014,1.3465721063,-0.099803449,0.0115325529,1,fac4,1
v000941,0.4136319378,-0.0907167,-0.028334035,-0.208043454,0.7960446336,0.0550977745,1,fac5,1
v000942,0.6941122626,0.4840303945,-0.196892255,-0.073445802,0.3662517086,-0.345379478,1,fac1,1
v000943,0.6084593455,0.6696502258,-0.304842611,-0.006552152,0.0241386401,0.1317771953,1,fac2,1
v000944,0.2421046574,-0.174384837,-0.227686441,-0.217004608,-0.441038367,-0.306286285,1,fac5,-1
v000945,-0.37180081,-0.093640692,-0.026220427,-0.049800263,0.0493466851,-0.052523483,1,fac1,-1
v000946,-0.356054167,-0.114259499,-0.045424367,-0.102916628,-0.004271009,-0.043605906,1,fac1,-1
v000947,-0.001465128,-0.084737314,-0.094699902,-0.003358449,0.1427077445,0.5354565018,1,fac6,1
v000948,0.1915188111,1.2769760692,-0.163974657,-0.121506051,-0.107290357,0.0619871831,1,fac2,1
v000949,-0.402151098,-0.115254977,-0.199473449,-0.117673351,-0.118184707,0.070112383,1,fac1,-1
v000950,0.7619911203,-0.308341461,-0.24900591,0.0936008084,0.2540787383,0.1481021107,1,fac1,1
v000951,-0.435149675,-0.033987786,-0.13499399,-0.005448768,-0.050307633,-0.225592566,1,fac1,-1
v000952,-0.117961393,-0.183851087,-0.195837687,-0.105882614,-0.032798709,-0.279964288,0,,
v000953,0.810308581,0.2925731993,-0.145931987,0.2125982925,0.2686211534,-0.015779691,1,fac1,1
v000954,-0.354488411,-0.039780382,-0.007517747,0.0660912883,-0.115943778,-0.155867458,1,fac1,-1
v000955,0.3608754149,-0.204441185,1.3035706526,-0.152576003,-0.02005144,-0.283029708,1,fac3,1
v000956,0.5855984927,0.6892096487,-0.224108947,-0.167239487,-0.3677914,0.417225842,1,fac2,1
v000957,-0.507284692,-0.090276592,-0.122780286,-0.067624728,-0.077103371,-0.017564092,1,fac1,-1
v000958,0.0665027901,-0.075205262,0.0345593414,-0.096067454,-0.175911919,0.2967044371,0,,
v000959,-0.100296964,-0.091400718,-0.139942077,-0.092617114,-0.189389653,0.1032263648,0,,
v000960,0.7289586786,0.2252504781,0.1708865635,0.274689139,0.1957947829,0.3966178798,1,fac1,1
v000961,-0.34361655,-0.117167681,-0.122622013,-0.174836613,-0.052126804,-0.05771887,1,fac1,-1
v000962,-0.377678535,-0.080517328,-0.005557308,-0.076017052,-0.010806893,-0.195776423,1,fac1,-1
v000963,0.0697789313,1.1731969016,-0.083167727,-0.058685081,0.0265658223,0.030101259,1,fac2,1
v000964,-0.470573196,-0.098965294,-0.068448406,-0.111410051,-0.118594519,0.060016648,1,fac1,-1
v000965,0.0737579834,1.0983354946,-0.075999585,-0.017174484,-0.124039535,-0.107004368,1,fac2,1
v000966,0.2740205278,1.0009678119,-0.075790532,-0.100198261,-0.031448758,0.2290934145,1,fac2,1
v000967,0.3745709426,-0.174901289,-0.108079183,1.2509386966,-0.085352577,0.4603994943,1,fac4,1
v000968,0.2137692325,-0.219326227,-0.025084847,-0.150571515,0.0829652956,-0.500325387,1,fac6,-1
v000969,-0.138982043,-0.115715186,0.0277855626,-0.177697072,0.0973997042,-0.003010252,0,,
v000970,0.0712460629,-0.089749244,0.0038175783,-0.128017008,-0.088121456,0.562537606,1,fac6,1
v000971,-0.03813954,-0.188433494,-0.206192337,-0.123361793,-0.052828762,0.8293403188,1,fac6,1
v000972,0.5683891246,0.5499879908,0.6344265459,-0.289129498,0.5782322426,0.0708281953,1,fac3,1
v000973,0.6217045889,0.5320312184,0.5301126062,-0.209185717,0.6155175289,0.2311613531,1,fac1,1
v000974,0.1201646595,-0.177766095,-0.119618282,1.3415242673,-0.121025033,0.0333202829,1,fac4,1
v000975,0.6201041786,-0.234601379,-0.158894209,0.5969495511,0.5803744292,-0.402769243,1,fac1,1
v000976,0.8012966652,0.2442349764,0.2630111275,0.3515633012,-0.262225697,-0.487226263,1,fac1,1
v000977,0.8027812706,0.8989701769,-0.312613478,-0.26033595,-0.299247093,0.212738318,1,fac2,1
v000978,0.1576058163,-0.175739598,1.2160963624,-0.122625327,-0.03195799,0.0248469661,1,fac3,1
v000979,0.337283389,-0.25476133,1.299535427,-0.120393514,-0.163569196,-0.11494851,1,fac3,1
v000980,0.2991063147,-0.216285275,0.3569076663,-0.196228022,-0.397307055,0.4468434791,1,fac6,1
v000981,0.5169185796,0.595462879,0.7126658686,-0.171159117,-0.250459193,-0.061305556,1,fac3,1
v000982,0.2839688621,-0.249285263,-0.054831369,-0.037942833,-0.053803608,-0.414321878,1,fac6,-1
v000983,-0.534464157,-0.080414521,-0.122515128,-0.083147807,-0.071563853,-0.038482056,1,fac1,-1
v000984,0.5049834605,-0.144246123,0.3929524389,-0.275796674,-0.103755796,-0.173762274,1,fac1,1
v000985,0.1013849838,-0.179629526,1.3416035906,-0.110518595,-0.051486174,-0.036444948,1,fac3,1
v000986,0.0424911166,-0.112935881,0.07739633,-0.23211439,-0.267681914,-0.00113101,0,,
v000987,0.1689583659,-0.287062434,-0.128550785,0.029435101,-0.034659688,-0.411041395,1,fac6,-1
v000988,-0.060636324,-0.147481149,-0.116673204,0.127187097,-0.021573796,-0.446664137,1,fac6,-1
v000989,0.6839164974,-0.251648627,-0.317172296,-0.43304004,0.8756013245,0.2674635823,1,fac5,1
v000990,0.258705465,-0.141499121,-0.126977429,-0.111441806,0.5827227664,0.0933726359,1,fac5,1
v000991,-0.248792335,-0.167207835,-0.014374513,-0.113124801,-0.098068397,0.1243175322,0,,
v000992,0.0601739149,-0.163811198,1.2400324903,-0.092326254,-0.073690975,-0.023466339,1,fac3,1
v000993,0.1218599807,-0.237016144,-0.225056181,1.0864502957,-0.08668191,-0.224314127,1,fac4,1
v000994,0.2010570414,0.6911297419,-0.213486207,0.0305449107,0.0482614561,-0.543241862,1,fac2,1
v000995,-0.459795099,-0.110815182,-0.054942093,-0.039606336,-0.086982707,-0.075009502,1,fac1,-1
v000996,-0.258009528,-0.158878654,-0.09315655,-0.105243388,-0.15300192,0.0237138059,0,,
v000997,-0.498886737,-0.147477392,-0.126809795,-0.086237501,-0.089157562,0.0704775823,1,fac1,-1
v000998,0.3421873577,1.0451713819,-0.152847778,-0.086487287,-0.001659276,0.4119672437,1,fac2,1
v000999,0.1080963368,-0.176511564,-0.031046902,0.7582901597,-0.125136149,-0.103036501,1,fac4,1
v001000,0.3124899583,-0.118354247,0.7881326355,-0.141864883,0.8763467993,0.0353930207,1,fac5,1
v001001,0.0929897013,0.553478406,0.081607853,-0.121820401,-0.107263191,-0.030819003,1,fac2,1
v001002,0.1609180059,-0.156863161,-0.081166083,-0.127982264,0.0276707874,-0.156741165,0,,
v001003,-0.272346389,-0.075477655,0.1212920247,-0.080733178,0.0096815649,0.2163058582,0,,
v001004,0.0728844745,-0.06336466,-0.236354477,-0.210248933,-0.125750162,-0.751441922,1,fac6,-1
v001005,0.2128001795,-0.152857136,1.2966737927,-0.203832643,-0.119483968,0.0729663833,1,fac3,1
v001006,-0.47536898,-0.055361014,-0.129922813,-0.065287803,-0.095855715,0.0051140631,1,fac1,-1
v001007,-0.494623049,-0.043451473,-0.08841614,0.0084463763,-0.048517555,-0.016336906,1,fac1,-1
v001008,-0.312558632,-0.168097171,-0.017515173,-0.080807187,-0.101717105,0.0199336304,1,fac1,-1
v001009,0.7235552704,-0.379655559,-0.299679094,-0.182698329,0.4848906173,0.1668625248,1,fac1,1
v001010,0.7736752049,-0.238645304,-0.278790552,0.7644548192,0.7960101713,-0.443564278,1,fac5,1
v001011,-0.307722004,-0.060465306,-0.117449256,0.019627341,-0.038049606,-0.055090601,1,fac1,-1
v001012,-0.392986534,-0.131870809,-0.175196294,-0.137766573,-0.055574537,-0.017620061,1,fac1,-1
v001013,-0.307090125,-0.118941544,-0.121666733,-0.150694754,-0.05332076,0.0915099406,1,fac1,-1
v001014,0.6150528114,0.1439152713,-0.213403722,-0.288906719,-0.297116682,-0.328169178,1,fac1,1
v001015,-0.227067833,-0.103578676,-0.13145613,0.0378397844,-0.053896112,-0.491219486,1,fac6,-1
v001016,0.4431614792,-0.235722656,-0.21451685,-0.238978424,1.2580116644,0.9353441787,1,fac5,1
v001017,-0.308627981,-0.06832768,-0.133370951,-0.170648937,-0.080421995,-0.081821275,1,fac1,-1
v001018,0.6896215837,-0.29409123,-0.306868923,-0.443543994,-0.462753111,0.1403654107,1,fac1,1
v001019,0.7211649499,0.4264729574,-0.119103102,0.4812191044,-0.145237079,-0.032378623,1,fac1,1
v001020,0.4844800918,-0.285428312,0.3784446147,-0.198646884,-0.256353485,0.1714594857,1,fac1,1
v001021,0.8107644833,0.0676233448,0.1854155455,0.072933864,0.2458000018,-0.155939543,1,fac1,1
v001022,0.5569826327,0.221822865,0.3494006169,0.2277419474,0.2120879296,-0.073434439,1,fac1,1
v001023,-0.142652652,-0.191910328,-0.142873017,-0.11737828,-0.076284981,0.7887349262,1,fac6,1
v001024,-0.072251879,-0.120078492,0.098457239,-0.14032667,-0.061928034,-0.359978882,1,fac6,-1
v001025,-0.005769315,-0.132604508,-0.115895146,1.2572835528,-0.064431564,0.0329349968,1,fac4,1
v001026,-0.448893922,-0.058786583,-0.133980445,-0.026647738,-0.022950333,-0.072463483,1,fac1,-1
v001027,0.2186309902,-0.239284544,-0.080135657,-0.085646395,-0.024721488,0.8395061291,1,fac6,1
v001028,0.7124760622,-0.317416369,0.3113653775,0.2866099439,-0.173786147,0.2701265812,1,fac1,1
v001029,0.1603238445,-0.182151422,-0.214092529,-0.301528298,-0.22453282,-0.755236302,1,fac6,-1
v001030,0.8331412583,0.2686379367,0.3068260718,0.2399013826,0.2543492247,0.4049274373,1,fac1,1
v001031,0.5639303467,-0.387144982,0.028043811,-0.082203871,-0.391520118,-0.210739131,1,fac1,1
v001032,0.4820028935,-0.212993418,-0.181022388,-0.121939187,-0.045522004,-0.74854062,1,fac6,-1
v001033,-0.418799465,-0.094211239,-0.119373774,-0.038415982,-0.086499704,0.1095077849,1,fac1,-1
v001034,-0.473912204,-0.128433642,-0.093619613,-0.094881075,-0.065486418,0.0387496948,1,fac1,-1
v001035,0.149334029,0.4254494747,0.479874294,0.0115696371,-0.125683642,-0.257171315,1,fac3,1
v001036,0.6031566531,-0.297973783,0.553110427,0.4351614638,-0.102477952,0.4455148635,1,fac1,1
v001037,-0.222664122,-0.178397765,-0.134097959,-0.114686621,-0.165107168,-0.02950795,0,,
v001038,0.4068925252,-0.297937176,-0.407307098,-0.219504948,-0.533838876,0.1980309019,1,fac5,-1
v001039,-0.216446122,-0.105982376,-0.06056824,-0.083355094,-0.058606049,0.1235292569,0,,
v001040,-0.428655737,-0.070382438,-0.053285309,-0.095444869,-0.076411635,-0.02284705,1,fac1,-1
v001041,-0.138167248,-0.145025667,-0.181465894,-0.042105456,0.0721560089,-0.243217251,0,,
v001042,-0.496799832,-0.068643874,-0.065651325,-0.032133826,-0.043007118,-0.058022088,1,fac1,-1
v001043,0.4746750821,0.3157504653,0.2530405098,0.2717556619,-0.229474452,0.2925488309,1,fac1,1
v001044,-0.390721456,-0.131293806,0.0075123903,-0.11368556,-0.062728678,0.0905996515,1,fac1,-1
v001045,-0.38033038,-0.088001404,0.0032694629,-0.084941452,-0.116543847,0.0126611803,1,fac1,-1
v001046,-0.411583016,-0.061450915,-0.094656832,-0.045142114,-0.010604646,-0.034559542,1,fac1,-1
v001047,-0.250463177,-0.101012952,-0.133980201,-0.069438941,0.0853927263,-0.105261931,0,,
v001048,-0.472794604,-0.062480802,-0.064293154,-0.041025628,-0.06599461,0.019379859,1,fac1,-1
v001049,0.1300564203,0.9421966205,-0.055438684,-0.077769453,-0.119247745,-0.013646343,1,fac2,1
v001050,-0.232860062,-0.161115791,-0.041049725,-0.129204608,-0.183979023,0.1904955357,0,,
v001051,0.1813679699,-0.216043532,-0.096061661,1.1868623273,-0.114994419,0.1456061264,1,fac4,1
v001052,0.2967333501,0.3617932953,-0.104074272,-0.149546841,-0.215235301,-0.186311446,1,fac2,1
v001053,-0.068740047,-0.111886685,0.0644808826,-0.09658228,0.1141609023,0.065728279,0,,
v001054,0.6737816252,-0.292119688,0.1875358214,-0.278646238,0.2273066805,-0.001329069,1,fac1,1
v001055,0.3865100211,-0.022810567,-0.095045826,0.0099548788,0.1341749549,-0.147686736,1,fac1,1
v001056,-0.263790151,-0.101830434,-0.041746534,-0.025633748,-0.192200856,0.0667201573,0,,
v001057,0.2369098564,-0.167561208,0.0573949431,-0.171051689,-0.220906266,0.3488244854,1,fac6,1
v001058,0.1894800248,-0.122180236,-0.103131714,-0.097540979,1.1779152475,-0.025462111,1,fac5,1
v001059,-0.355908027,-0.050190697,-0.100149771,-0.096634275,-0.075193514,0.0386204057,1,fac1,-1
v001060,0.6031001243,0.1836181957,0.2602948793,0.328845321,-0.048728761,-0.089738338,1,fac1,1
v001061,0.802860487,-0.378239951,-0.260972763,0.6914371288,-0.467906028,0.7029204906,1,fac1,1
v001062,-0.473602477,-0.070461037,-0.04989597,-0.060513802,-0.036451166,-0.016237817,1,fac1,-1
v001063,-0.322107071,-0.12458257,-0.153480128,-0.079108129,-0.02703917,0.0714653371,1,fac1,-1
v001064,-0.369216271,-0.080945632,-0.089802071,-0.018609695,0.0689495612,-0.034199886,1,fac1,-1
v001065,-0.490826205,-0.059627682,-0.014770353,-0.076700453,-0.052975568,0.0002125896,1,fac1,-1
v001066,-0.241413562,-0.177281227,-0.155911211,-0.043875519,0.1637488851,-0.077463399,0,,
v001067,0.2617543043,-0.237516606,-0.178477265,1.2148357472,-0.023809787,-0.247275976,1,fac4,1
v001068,0.9266352265,-0.343026225,0.3569044647,-0.259235797,0.3260296361,-0.022470328,1,fac1,1
v001069,0.1008659007,-0.143743171,-0.244092845,-0.253690625,-0.084485891,-0.749368783,1,fac6,-1
v001070,0.3896797476,-0.281193355,0.4675389594,-0.185722835,-0.268871544,0.2997856043,1,fac3,1
v001071,-0.280908341,-0.114688359,0.0304580175,-0.11951484,-0.029739832,-0.11964759,0,,
v001072,-0.053388845,-0.181832365,1.0671937115,-0.074982138,-0.099422723,0.0179821621,1,fac3,1
v001073,0.1298357366,1.1777404872,-0.152393722,-0.111623311,-0.094415876,0.0879372458,1,fac2,1
v001074,0.3643034435,-0.193100043,0.0278413177,-0.321249577,-0.14217271,-0.966399113,1,fac6,-1
v001075,-0.078713978,-0.071965211,-0.134312179,0.908847253,-0.145560576,0.0264682187,1,fac4,1
v001076,-0.428112507,-0.101104641,-0.104429758,-0.044763503,-0.063152676,-0.020677226,1,fac1,-1
v001077,0.6594091203,0.3408597732,0.3421701594,0.3714105,0.4375290453,-0.253714394,1,fac1,1
v001078,0.4254433149,0.6414594869,0.026080924,-0.140132286,0.6884375773,-0.319724298,1,fac5,1
v001079,0.0070013304,-0.158970574,-0.0714298,1.2866222154,-0.056905751,0.1029207495,1,fac4,1
v001080,-0.436442557,-0.096091894,-0.090421473,-0.074290721,-0.037408819,0.0423480288,1,fac1,-1
v001081,-0.466176593,-0.068497711,-0.022888718,-0.01357904,0.0102330474,0.067012216,1,fac1,-1
v001082,0.4136031122,0.3120727601,0.4104621271,0.3012851189,0.4514628618,0.1786567996,1,fac5,1
v001083,-0.440385572,-0.042460799,0.0502534263,-0.09706044,-0.056726076,0.0722529391,1,fac1,-1
v001084,0.9336431993,-0.399596931,-0.434973963,0.5309146784,0.4296441905,0.6525594872,1,fac1,1
v001085,0.1434129968,-0.160796479,-0.016371358,1.173346267,-0.069077414,-0.026416767,1,fac4,1
v001086,0.2268913629,-0.13329956,-0.103691647,-0.293786167,1.1824072625,0.2145470616,1,fac5,1
v001088,0.7334394049,-0.283242331,-0.155740334,0.2542405454,0.1611359357,-0.386212108,1,fac1,1
v001089,0.2632430904,-0.063557486,-0.027472562,-0.299003928,0.20027251,0.1331333926,0,,
v001090,0.1539830357,-0.130833855,-0.204394767,-0.168808966,1.2803452111,0.0528424424,1,fac5,1
v001091,-0.361658038,-0.095786479,-0.168606418,-0.039603101,0.0405565463,0.0054002046,1,fac1,-1
v001092,0.3464807349,0.8360644517,-0.072512324,0.8885153936,-0.124830629,0.0471123759,1,fac4,1
v001093,0.8706585621,0.2104228177,0.3717732054,0.2011637472,-0.369901634,-0.237428691,1,fac1,1
v001094,0.4651494723,0.7896408222,0.8582370007,-0.284519835,-0.180995792,0.0569185804,1,fac3,1
v001095,-0.361501778,-0.125614547,-0.00593694,-0.07107407,0.0305414153,-0.04042065,1,fac1,-1
v001096,0.4153847519,-0.216048253,0.7485234145,-0.183570498,0.6467027421,-0.139494345,1,fac3,1
v001097,-0.458714171,-0.123644166,0.0047432252,-0.069540388,0.0188746167,0.0391932088,1,fac1,-1
v001098,0.3822002134,0.2418719276,0.1722875277,-0.209051399,-0.20641676,0.4185233584,1,fac6,1
v001099,-0.412537133,-0.115943942,-0.028624561,-0.060218199,0.0412465412,0.0383468284,1,fac1,-1
v001100,-0.391200322,-0.103799793,-0.161622642,-0.07598924,-0.070032433,0.024840917,1,fac1,-1
v001101,0.5162662895,0.1737054303,0.4063837002,-0.249768614,0.3434098666,-0.567309226,1,fac6,-1
v001102,-0.254452837,-0.155969486,-0.119063455,-0.126308999,-0.16501519,0.0218100769,0,,
v001103,0.6656988597,-0.241204571,-0.288889869,-0.314823535,-0.499539423,-0.293991014,1,fac1,1
v001104,0.4660886202,-0.212989892,-0.209344089,-0.032636871,0.8052008066,0.176296168,1,fac5,1
v001105,0.106218665,-0.180249125,-0.14493342,0.9275473285,-0.021611861,0.0780956153,1,fac4,1
v001106,0.0503889964,1.2034023903,-0.153849883,-0.106217738,-0.067605266,0.0634382954,1,fac2,1
v001107,-0.362363139,-0.040011668,-0.015352263,0.0703059923,-0.106541104,-0.138399425,1,fac1,-1
v001108,-0.377101892,-0.097833522,-0.106543911,-0.137671461,-0.019321455,-0.035312508,1,fac1,-1
v001109,0.6730308579,0.3908893285,0.4797848004,-0.271570731,0.4208289129,0.1904921265,1,fac1,1
v001110,-0.344665335,-0.011010742,-0.074956792,-0.013281545,-0.017978595,-0.031211534,1,fac1,-1
v001111,-0.139183126,-0.136448215,-0.194261932,-0.039977331,0.0150777211,-0.37415428,1,fac6,-1
v001112,-0.445414899,-0.154151612,-0.098444718,-0.075184032,-0.049437179,0.0449126532,1,fac1,-1
v001113,-0.038885458,-0.168483815,-0.103052799,-0.139520562,-0.088022232,0.1740249718,0,,
v001114,-0.163168868,-0.218049794,-0.017713268,-0.076072979,-0.166001807,-0.06527377,0,,
v001115,-0.037328347,-0.042647183,-0.177390796,-0.004788344,-0.023015566,0.3855713045,1,fac6,1
v001116,-0.302690247,-0.127586444,-0.179701363,-0.034758981,0.1456158232,-0.06156587,1,fac1,-1
v001117,0.3439421368,0.8690976575,-0.167714151,0.8827803004,-0.157186882,0.0500243298,1,fac4,1
v001118,0.1024582453,-0.18152916,0.175235908,-0.156543433,-0.15206287,-0.364664085,1,fac6,-1
v001119,-0.068423937,-0.135116245,-0.202308494,-0.1119334,-0.070232024,0.8584150917,1,fac6,1
v001120,-0.040381975,0.7315301989,-0.15126469,-0.045622898,-0.045345326,-0.03789219,1,fac2,1
v001121,0.3864698725,0.245122199,0.3971680816,-0.117870324,-0.118360738,0.3563134032,1,fac3,1
v001122,0.2075260598,-0.131694805,-0.269898086,-0.151937063,-0.461874376,0.2233889803,1,fac5,-1
v001123,0.1797342641,-0.137311047,0.1564724809,-0.279994056,0.0840891861,-0.316047386,1,fac6,-1
v001124,-0.023137203,-0.100983961,0.0685257193,-0.217321806,0.1388060482,-0.155616081,0,,
v001125,0.4641784819,-0.226606075,-0.316565256,-0.283190266,-0.377596793,0.2807847327,1,fac1,1
v001126,-0.545525159,-0.100192875,-0.039485206,-0.096208157,0.0163370683,-0.010517189,1,fac1,-1
v001127,0.2736043131,-0.145849543,0.7461691174,-0.202895208,-0.101432136,0.613162481,1,fac3,1
v001128,0.3009245465,0.70992897,0.7614620287,-0.070364475,-0.088886616,-0.203199243,1,fac3,1
v001129,-0.529972778,-0.129518932,-0.076675137,-0.04830219,-0.096475961,0.0106508846,1,fac1,-1
v001130,-0.140166115,-0.172475259,-0.185702214,-0.057982967,-0.032351048,-0.218414494,0,,
v001131,-0.422614349,-0.099028331,-0.139318825,-0.078994855,-0.070826912,0.1467833262,1,fac1,-1
v001132,0.3363776108,0.3947206037,-0.180304886,0.4595997461,-0.268452595,-0.332610718,1,fac4,1
v001133,0.2156726798,-0.223338917,0.0183012845,0.1235829714,-0.050083386,-0.625902792,1,fac6,-1
v001134,-0.516751116,-0.129372598,-0.046902454,-0.058123711,-0.023233563,0.0290092039,1,fac1,-1
v001135,0.3413424543,-0.199113734,0.0591483778,-0.090712105,-0.26956884,0.302795759,1,fac1,1
v001136,-0.488926151,-0.130870762,-0.081488424,-0.080791517,-0.067035048,0.0070562552,1,fac1,-1
v001137,-0.228430261,-0.123125606,-0.172223445,-0.03689115,-0.078863527,0.1552176767,0,,
v001138,0.2725627872,-0.211932215,0.4309778045,0.4682327327,-0.381203801,0.1179231683,1,fac4,1
v001139,-0.422538865,-0.068010461,-0.157537234,-0.047490561,-0.058390943,-0.059294621,1,fac1,-1
v001140,0.3636177765,-0.113641574,-0.210662582,-0.267922769,-0.156311608,-0.255410637,1,fac1,1
v001141,0.8193203696,-0.318035923,-0.468729221,-0.192173739,-0.430914857,-0.735908375,1,fac1,1
v001142,-0.440817532,-0.127812662,-0.134285696,-0.050588336,-0.153418222,-0.055683991,1,fac1,-1
v001143,0.4521564577,-0.296243377,-0.371275727,-0.155145011,-0.524957207,0.1912391655,1,fac5,-1
v001144,-0.419866596,-0.042153725,-0.097750386,-0.064471373,-0.040992182,-0.044367329,1,fac1,-1
v001145,0.7587427857,0.3501914277,0.3484241178,-0.330160035,-0.151640326,-0.362014369,1,fac1,1
v001146,-0.502580105,-0.122732834,0.0081073843,-0.080434766,-0.028449237,0.0068251112,1,fac1,-1
v001147,-0.094428881,-0.0224705,-0.120611846,0.1439494641,0.0955482855,-0.281232056,0,,
v001148,-0.019787759,-0.140205121,-0.04342036,1.1653714154,-0.031793125,0.1174039137,1,fac4,1
v001149,0.0802407829,-0.18979586,-0.18313666,-0.197603693,1.2999608365,0.1244032555,1,fac5,1
v001150,-0.004626328,-0.130642276,-0.183871405,-0.097761078,0.0046803587,0.8684000886,1,fac6,1
v001151,-0.135617491,-0.183885832,0.1207335935,-0.169397836,-0.104519966,-0.310070794,1,fac6,-1
v001152,-0.443976473,-0.076938504,-0.094795201,0.0034750954,-0.01545818,-0.028974117,1,fac1,-1
v001153,0.3545517346,0.6223440983,-0.238724481,-0.131979442,-0.365568902,0.2902247507,1,fac2,1
v001154,0.4853894375,0.2473243229,0.1817587322,0.2968985162,0.1462197491,0.1431208784,1,fac1,1
v001155,0.2942598574,1.1118572372,-0.137722528,-0.10715476,-0.06724825,0.4062004598,1,fac2,1
v001156,0.0680882915,-0.220878471,1.0808884649,-0.059907734,0.0060713309,-0.003731004,1,fac3,1
v001157,0.3602345595,0.7430105442,-0.10497037,0.0411849539,-0.248870107,-0.273928879,1,fac2,1
v001158,-0.368076447,-0.014221306,-0.051081272,0.0276511267,-0.114041662,-0.102983751,1,fac1,-1
v001159,-0.43632676,-0.071498083,0.0131632375,-0.058244078,-0.082849471,0.0566369881,1,fac1,-1
v001160,-0.418216696,-0.062906066,0.0152699001,-0.114859422,-0.092875679,0.0586932121,1,fac1,-1
v001161,-0.326151982,-0.039657572,-0.07888682,-0.001150715,0.0882061794,-0.089439022,1,fac1,-1
v001162,0.0908065794,-0.15019883,-0.142694936,-0.143506516,0.0291318207,-0.187914561,0,,
v001163,0.3717142339,-0.209547252,-0.400396662,-0.125954587,-0.489712399,-0.004979485,1,fac5,-1
v001164,0.3255867614,0.0564242344,-0.025756718,0.0684918985,0.0620069204,-0.14165898,1,fac1,1
v001165,-0.22369557,-0.185776456,-0.148829401,-0.051371229,0.0545189591,-0.12174841,0,,
v001166,-0.261314314,-0.08746341,0.0750503701,0.0156366918,-0.052122517,0.1476858987,0,,
v001167,-0.393639548,-0.125984548,-0.127714389,-0.124610307,-0.039465958,0.02296509,1,fac1,-1
v001168,0.2187389097,-0.109789193,-0.107149853,1.2396111551,-0.016506424,-0.308672454,1,fac4,1
v001169,0.7692542627,-0.301110899,-0.291868653,0.3751582209,-0.221610149,-0.370679548,1,fac1,1
v001170,-0.084828362,-0.201596187,-0.160115541,0.1175825046,-0.023983488,-0.217381584,0,,
v001171,0.4355407595,0.8913204641,-0.229897964,-0.268498242,-0.001085678,0.7414227204,1,fac2,1
v001172,0.4332030554,-0.215656462,0.7363648249,0.8228121664,-0.175111438,-0.204068966,1,fac4,1
v001173,0.2956013108,0.6368569099,0.0418142577,-0.273803571,-0.007258116,0.1451455135,1,fac2,1
v001174,0.3786249762,-0.223210622,-0.178556496,-0.193528523,0.0255089279,0.9839835348,1,fac6,1
v001175,-0.490708753,-0.113680008,-0.12669488,-0.055365308,-0.146390425,-0.02676227,1,fac1,-1
v001176,-0.50870186,-0.129637815,-0.011866711,0.0185689443,-0.001900097,0.0965937521,1,fac1,-1
v001177,0.2835254963,-0.152852756,1.0632961679,-0.20852969,0.0268776564,0.0090497559,1,fac3,1
v001178,0.1878588574,-0.189332418,1.1759413315,-0.106671482,-0.029783531,0.0308000987,1,fac3,1
v001179,0.5637093846,-0.203310872,-0.067509858,-0.357233932,-0.12719212,0.3619136986,1,fac1,1
v001180,0.3786249762,-0.223210622,-0.178556496,-0.193528523,0.0255089279,0.9839835348,1,fac6,1
v001181,0.1316960525,-0.156354111,-0.143702683,-0.19019738,1.276165265,0.0534929021,1,fac5,1
v001182,0.0429895993,-0.137927682,-0.160348028,1.2411734512,-0.189230929,0.0357481236,1,fac4,1
v001183,-0.102754476,-0.071827438,-0.080772745,-0.057669246,-0.020560192,0.4642148128,1,fac6,1
v001184,-0.383922163,-0.079386732,0.0258713231,-0.007043383,-0.017438363,0.0890936041,1,fac1,-1
v001185,-0.416207077,-0.077549383,-0.115214691,-0.102896258,-0.041229493,-0.024501321,1,fac1,-1
v001186,-0.527834998,-0.121196674,-0.042717629,0.0029024825,-0.046463487,0.0084574382,1,fac1,-1
v001187,0.7899293769,-0.326201421,-0.324041633,-0.264260038,0.6977136283,0.2732981792,1,fac1,1
v001188,0.5022815386,-0.27969371,-0.250863286,1.1060870671,-0.029945433,0.5154662158,1,fac4,1
v001189,-0.51379552,-0.112731993,-0.051882616,0.0020299277,-0.042619043,0.0505072865,1,fac1,-1
v001190,0.3635228031,-0.212909312,1.0806181742,-0.092232413,-0.094777768,-0.246773969,1,fac3,1
v001191,0.3004893246,0.3200201823,0.3676692241,-0.293278056,-0.190559064,-0.211576981,1,fac3,1
v001192,-0.09003072,-0.152545406,-0.15805711,-0.058015562,-0.04898605,0.865896017,1,fac6,1
v001193,-0.292241446,-0.029125145,-0.025850322,-0.062915847,-0.050135515,-0.146966761,0,,
v001194,0.465854693,0.5520145098,0.5294236129,0.518207491,-0.080829699,-0.04189931,1,fac2,1
v001195,0.3091611147,-0.176042601,1.1273726581,-0.234886916,-0.00086436,0.0665850694,1,fac3,1
v001196,-0.373196022,-0.031059779,-0.022588168,-0.067740459,0.0294286598,0.0505262831,1,fac1,-1
v001197,0.4929318858,-0.471372723,0.2148679064,0.0049165099,0.1606729376,0.0590424819,1,fac1,1
v001198,-0.074510355,-0.127130521,-0.193701094,-0.098089588,-0.020102753,0.9182958342,1,fac6,1
v001199,-0.045954546,-0.134384922,-0.199670705,-0.061619219,-0.039695738,-0.12634062,0,,
v001200,0.575186475,0.8230499544,-0.237525225,-0.265404763,0.6959205729,-0.382736006,1,fac2,1
v001201,0.1678770056,-0.202700016,-0.132721614,-0.146056104,-0.13915487,0.7964496958,1,fac6,1
v001202,0.2521660016,-0.201009537,-0.186321102,0.9375696472,-0.137288976,-0.341829703,1,fac4,1
v001203,-0.296062629,-0.190353141,-0.045297076,-0.065310605,-0.045448119,0.0755819237,0,,
v001204,-0.231031608,-0.209939168,-0.053805409,0.0065109988,-0.024184837,-0.026073459,0,,
v001205,0.3575184162,0.6159627729,-0.121190621,0.6005656781,-0.08726905,0.0158288666,1,fac2,1
v001206,0.5732709095,0.3241888946,0.3655736572,0.3650433508,-0.141105773,0.5352135301,1,fac1,1
v001207,0.6484993112,-0.254146386,-0.331042443,-0.312163675,-0.336448181,0.2188037358,1,fac1,1
v001208,0.2899447677,0.8606156406,-0.175256221,-0.226565146,0.7789081254,0.2120144367,1,fac2,1
v001209,-0.464917563,-0.05453841,-0.135604546,-0.092190419,-0.065932155,0.0315501899,1,fac1,-1
v001210,0.7147780192,0.4460709043,0.4923286471,-0.374497567,-0.327344745,-0.026432421,1,fac1,1
v001211,-0.044513901,-0.121364337,-0.031939626,-0.241691233,0.0919513785,-0.020066257,0,,
v001212,0.3580454947,-0.180113204,-0.247078802,-0.226461635,1.1086147641,-0.105881532,1,fac5,1
v001213,0.4198625999,1.0287986028,-0.235525058,-0.305413181,-0.197319391,-0.503392333,1,fac2,1
v001214,0.3160808807,-0.250825674,0.9556451745,-0.227872571,-0.214682037,-0.095096459,1,fac3,1
v001215,0.1366502498,1.2891710764,-0.156393691,-0.10180058,-0.038593993,0.0548160782,1,fac2,1
v001216,-0.333428577,-0.060659545,0.0181992785,-0.117716773,-0.127699445,0.2083928963,1,fac1,-1
v001217,0.677192763,0.2501371511,0.310483659,0.3255776286,0.3173131716,-0.26563355,1,fac1,1
v001218,-0.048546169,-0.148637311,-0.086149708,-0.015099006,-0.122553435,0.0344390939,0,,
v001219,0.0942090993,-0.173392754,-0.107166577,-0.171886728,1.2918534527,0.1047727213,1,fac5,1
v001220,0.0899251309,-0.193756033,-0.147800785,-0.193379603,1.279797952,0.0794410571,1,fac5,1
v001221,0.5050232221,-0.352289737,0.6350091896,0.5761203332,-0.103143149,0.2512750681,1,fac3,1
v001222,0.1658383397,-0.188124342,0.8582042109,-0.137536125,-0.02622556,0.6301753589,1,fac3,1
v001223,0.2244566815,-0.15120896,-0.239202816,-0.292313661,-0.113315515,-0.62853053,1,fac6,-1
v001224,0.21469583,0.6330703223,-0.133056418,0.7052923296,-0.092346942,-0.034036218,1,fac4,1
v001225,-0.450453287,-0.052647008,-0.053121095,-0.028183747,-0.039597512,-0.076471987,1,fac1,-1
v001226,-0.035773627,-0.051548198,-0.126107082,-0.095756296,-0.006848306,0.4540613474,1,fac6,1
v001227,0.7676856113,0.3899018633,0.2616160918,0.4314197203,-0.333164675,0.6911984708,1,fac1,1
v001228,-0.165839796,-0.122823279,-0.040088556,-0.05386424,-0.169948373,-0.114264609,0,,
v001229,0.4144113635,-0.282292216,-0.139900727,-0.091251466,-0.083983961,-0.739690542,1,fac6,-1
v001230,-0.503809675,-0.097693845,-0.105587134,-0.02000595,-0.052505421,0.0025578159,1,fac1,-1
v001231,0.2384331864,-0.256131642,1.0809581933,-0.164312694,-0.036361098,-0.304793077,1,fac3,1
v001232,0.3684366414,-0.286441449,-0.193571836,-0.20647476,-0.508229467,0.1774732295,1,fac5,-1
v001233,0.5036388556,-0.247121095,-0.317025107,-0.298200707,-0.544394786,0.3289932829,1,fac5,-1
v001234,0.5372044254,-0.249272766,0.5805761255,0.7112443077,-0.059331655,0.3787597905,1,fac4,1
v001235,0.1518711235,1.2392053592,-0.232400674,-0.139013644,-0.072768049,0.0876459263,1,fac2,1
v001236,0.3210866937,0.1033782134,0.1178116953,0.0827607533,0.1028412729,-0.221282231,1,fac1,1
v001237,0.0710483238,-0.184885892,1.3276365831,-0.069988872,-0.056196562,-0.03193543,1,fac3,1
v001240,0.8091228052,-0.292314378,-0.207846177,-0.257352012,0.2964648957,-0.4712847,1,fac1,1
v001241,-0.224563988,-0.146272216,-0.073560696,0.0466770373,-0.083634112,-0.348704537,1,fac6,-1
v001242,0.0127760779,-0.188248256,-0.205023027,-0.161211132,-0.006951959,0.9346304376,1,fac6,1
v001243,-0.453427531,-0.107630408,-0.103959343,-0.065039989,-0.080068384,-0.005303619,1,fac1,-1
v001244,0.0984599082,-0.125433195,-0.24666675,-0.317303169,-0.149631739,-0.798481546,1,fac6,-1
v001245,-0.400432801,-0.064390591,-0.049225628,-0.083012842,-0.069829874,0.0002780837,1,fac1,-1
v001246,0.3752636176,0.6952070605,0.6808198089,-0.041071625,0.0203360622,0.1452933761,1,fac2,1
v001247,0.3911057675,-0.238153007,-0.213669416,0.8354939256,-0.120391329,-0.242159609,1,fac4,1
v001248,-0.071020677,-0.068787928,-0.164921736,-0.19427501,0.0913637891,0.0922143236,0,,
v001249,0.2971821553,-0.164136155,-0.079393934,-0.108881917,0.0191923803,0.3586498906,1,fac6,1
v001250,0.2299061544,-0.239866747,1.2941767001,-0.131003737,-0.065639837,0.04305942,1,fac3,1
v001251,0.2753079855,-0.223305433,-0.160348377,-0.060983025,1.0668268423,-0.086233106,1,fac5,1
v001252,0.0277738979,-0.228949627,-0.137987903,0.0618454482,-0.009646876,-0.18854988,0,,
v001253,0.40033968,-0.128716328,-0.189768929,0.064600593,0.8207571643,-0.50870909,1,fac5,1
v001254,0.6260699898,-0.206099959,-0.1303481,0.4581021227,0.0863573366,-0.069418222,1,fac1,1
v001255,-0.425032694,-0.080712809,-0.019939351,0.0378680372,0.0705566183,0.0462951418,1,fac1,-1
v001256,0.5859768856,0.7706227686,0.705750847,-0.200989975,-0.070885136,0.6377152966,1,fac2,1
v001257,0.4560837063,0.5447585922,0.658472009,0.5847758495,-0.124394228,-0.023456239,1,fac3,1
v001258,-0.161328948,-0.18881693,-0.020149258,-0.058912003,-0.179543952,-0.030295878,0,,
v001259,0.0824158187,-0.164823395,-0.253116875,-0.265817718,-0.225398926,-0.774716216,1,fac6,-1
v001260,0.001571474,1.0030317861,-0.142074729,-0.030506045,-0.033219858,-0.038598191,1,fac2,1
v001261,-0.443831038,-0.067375129,-0.118392204,-0.080319206,-0.046771105,-0.064141613,1,fac1,-1
v001262,0.4285314597,-0.158445023,1.0188142679,-0.073255798,-0.085568216,0.575323066,1,fac3,1
v001263,0.8194857985,-0.35951715,-0.281980265,0.2595491388,0.240153724,-0.265247465,1,fac1,1
v001264,0.3022032102,0.8929807849,0.8991791376,-0.108015943,-0.086744981,0.0757324365,1,fac3,1
v001265,-0.390665591,-0.008711191,-0.102073004,-0.053198586,-0.134160489,0.0331761463,1,fac1,-1
v001266,0.6185056207,0.5944439785,-0.235836148,-0.227832329,-0.269780971,-0.166421265,1,fac1,1
v001267,-0.403710154,-0.028088457,-0.085963192,-0.077284769,-0.13609236,0.0137629088,1,fac1,-1
v001268,0.2108777526,0.5796428364,-0.028405397,-0.126128597,-0.139885691,0.0329002773,1,fac2,1
v001269,-0.158404486,-0.192753362,-0.027903856,-0.102065916,-0.169354004,-0.03253903,0,,
v001270,-0.240438807,-0.116826393,-0.056955778,-0.144549823,-0.032215641,-0.025676298,0,,
v001271,0.121968217,1.1571283838,-0.146365639,-0.108822085,-0.076583992,0.0795054944,1,fac2,1
v001272,0.5806138718,0.8466846528,-0.284597293,-0.073530318,-0.444474545,0.0914057045,1,fac2,1
v001273,-0.123516397,-0.074526465,-0.056318223,-0.044825574,-0.04785945,0.5367954351,1,fac6,1
v001274,0.1882693484,0.3275092589,0.3674124297,-0.144068023,-0.160024245,0.4370617214,1,fac6,1
v001275,-0.052503287,-0.065172554,0.005927333,-0.166421257,0.0347874293,0.0754065841,0,,
v001276,0.1184876773,0.0981669151,0.2140747882,0.2182278574,0.3424221408,0.2065853377,1,fac5,1
v001277,0.2154319624,-0.195621407,-0.07818452,1.1960473644,-0.067692363,0.0018616688,1,fac4,1
v001278,0.0703510743,-0.132320359,0.0898088806,-0.10150069,-0.193102057,-0.310449062,1,fac6,-1
v001279,0.362524552,-0.15959784,1.2840697776,-0.201888701,0.0694018248,-0.042905404,1,fac3,1
v001280,0.1768569658,-0.067158978,-0.213144336,0.7478974231,-0.188769112,0.2272614539,1,fac4,1
v001281,0.3928506887,-0.11480931,0.0716465948,-0.244341747,0.4487813747,0.0652822637,1,fac5,1
v001282,-0.28044091,-0.145930975,0.0040246062,-0.105668761,-0.021761551,-0.159691695,0,,
v001283,0.5649313067,0.4520417991,-0.307263615,-0.154996901,-0.144138117,0.4427806652,1,fac1,1
v001284,0.1214899452,-0.18810299,-0.15106976,1.3142195721,-0.137086004,-0.043816744,1,fac4,1
v001285,0.4202238227,-0.21314159,-0.106411784,-0.081902289,-0.060337538,-0.890454729,1,fac6,-1
v001286,0.0923895334,-0.124544051,-0.036137709,-0.122496761,0.0736274701,-0.317214692,1,fac6,-1
v001287,0.5081972204,1.0204632542,-0.222428162,-0.247331328,0.0387066286,0.8092916929,1,fac2,1
v001288,0.6793698239,-0.386460247,-0.173029267,-0.258406754,-0.302203662,-0.119797823,1,fac1,1
v001289,0.0127760779,-0.188248256,-0.205023027,-0.161211132,-0.006951959,0.9346304376,1,fac6,1
v001290,-0.405828891,-0.040524263,0.0321045284,0.1335645817,0.0547618835,-0.067027557,1,fac1,-1
v001291,0.1354040368,1.1442623352,-0.039246214,-0.011088691,0.0833325051,-0.171587291,1,fac2,1
v001292,0.3203254471,0.5171056838,-0.185341034,-0.179930688,0.627477157,0.3379534449,1,fac5,1
v001293,0.956759503,-0.338309612,-0.437804196,0.6239756656,-0.439662965,-0.383810302,1,fac1,1
v001294,0.0013946092,-0.167359606,-0.22336848,-0.146858892,-0.038210451,0.9233932624,1,fac6,1
v001295,0.0330988721,-0.037914002,-0.106993302,-0.008228634,1.0602868539,-0.092535637,1,fac5,1
v001296,-0.367186523,-0.022103568,-0.213875585,-0.009045221,-0.062322106,0.0096638936,1,fac1,-1
v001297,-0.129362229,-0.203341344,0.0263662509,-0.06701818,-0.144545894,-0.037563335,0,,
v001298,0.2960483934,0.4672013697,0.3815821695,0.4854604608,-0.091199052,-0.131110927,1,fac4,1
v001299,0.5306495852,-0.232400093,0.8880805577,-0.266291781,-0.003869207,-0.313297439,1,fac3,1
v001300,-0.333703903,-0.107868607,-0.061487082,-0.017369964,-0.110203094,0.086498496,1,fac1,-1
v001301,-0.028137987,-0.06486185,-0.065044787,0.0315886436,-0.079966955,0.2665651574,0,,
v001302,0.4563820949,0.5528084274,0.0775664177,0.5876235228,-0.036889246,-0.267208169,1,fac4,1
v001303,0.3807036788,-0.310677137,-0.369078337,-0.244647597,-0.520481293,0.1945314867,1,fac5,-1
v001304,-0.24099214,-0.13424171,-0.119105404,0.0154095532,-0.055341022,-0.072601468,0,,
v001305,0.0984636628,-0.186689154,1.3153366095,-0.135195436,-0.060431915,-0.051190387,1,fac3,1
v001306,-0.205763087,-0.167589894,-0.142468422,0.0855062907,-0.013846651,-0.259248913,0,,
v001307,0.5057498107,-0.120519027,-0.203296996,-0.131268456,-0.370438102,-0.072103503,1,fac1,1
v001308,-0.071549838,-0.181279741,-0.188928504,-0.116150908,0.0307384393,0.9250280316,1,fac6,1
v001309,-0.01031741,-0.208583372,-0.07468416,-0.025802287,0.0578474749,-0.214596605,0,,
v001310,-0.409203951,-0.137455796,-0.081723545,-0.045095346,-0.03645351,0.0558012049,1,fac1,-1
v001311,0.0984636628,-0.186689154,1.3153366095,-0.135195436,-0.060431915,-0.051190387,1,fac3,1
v001312,-0.425042232,-0.119748055,-0.155529954,-0.054384623,-0.058759061,-0.002710892,1,fac1,-1
v001313,0.2995150121,0.6668729231,0.6167468555,-0.120055488,-0.109340633,0.5926178178,1,fac2,1
v001314,-0.234063717,-0.14165717,0.0591355082,-0.05448322,-0.116643175,0.3048229123,1,fac6,1
v001315,0.6484993112,-0.254146386,-0.331042442,-0.312163675,-0.336448181,0.2188037358,1,fac1,1
v001316,0.2774310886,-0.207441862,-0.197336281,0.9959051128,-0.128511533,-0.261175717,1,fac4,1
v001317,0.3516254487,-0.256729621,0.7818593285,0.8492978663,-0.102445066,-0.032628702,1,fac4,1
v001318,-0.469178182,-0.090662345,-0.134327155,-0.109890202,-0.038311279,-0.065379866,1,fac1,-1
v001319,0.6114651586,-0.197792171,0.7250310664,-0.273583439,-0.386879159,-0.059438965,1,fac3,1
v001320,-0.362999091,-0.00319907,-0.047162024,0.0843920426,0.1042312802,-0.182716523,1,fac1,-1
v001321,0.4038096454,0.9965096158,-0.183455998,0.9650385184,-0.110014534,0.0764815551,1,fac2,1
